"1","59","3035.21","7","2025-09-28 06:29:30","true"
"2","95","217.72","4","2020-07-08 01:38:10","true"
"3","96","6725.29","12","2020-02-29 21:44:09","false"
"4","91","6368.90","12","2026-03-14 15:58:23","false"
"5","53","7315.15","16","2020-09-06 04:27:01","false"
"6","68","5579.40","13","2021-08-02 20:56:11","true"
"7","1","9126.99","15","2025-06-14 15:13:40","false"
"8","21","6006.09","11","2020-01-29 12:53:27","true"
"9","37","10633.11","20","2022-10-07 21:22:08","false"
"10","50","4082.71","8","2023-10-31 09:33:42","false"
"11","77","8103.15","14","2021-01-30 01:23:18","true"
"12","44","12940.97","22","2023-07-02 08:18:35","false"
"13","36","4576.17","8","2024-08-24 01:37:53","false"
"14","68","3581.11","9","2025-05-16 18:56:08","false"
"15","16","5397.53","15","2020-09-29 23:08:39","false"
"16","99","2614.08","3","2023-01-16 16:18:04","true"
"17","78","8358.49","22","2020-01-16 09:52:59","true"
"18","50","4733.18","7","2024-12-31 11:40:06","false"
"19","93","8440.34","16","2022-03-19 15:38:17","false"
"20","92","518.64","1","2024-08-16 20:01:39","true"
"21","66","16700.74","23","2024-07-06 13:13:50","false"
"22","88","6209.72","16","2020-05-02 02:22:00","true"
"23","4","3321.70","10","2025-04-11 18:45:13","true"
"24","42","12255.02","24","2025-01-10 01:56:47","true"
"25","94","1428.00","5","2025-07-01 01:35:31","true"
"26","20","6526.98","7","2021-10-05 15:00:34","true"
"27","37","5538.15","10","2021-04-09 22:50:50","false"
"28","93","3005.83","8","2025-04-12 19:52:43","false"
"29","28","5653.06","10","2021-08-04 14:07:26","true"
"30","6","7374.13","13","2021-07-21 17:06:01","true"
"31","6","4220.86","7","2026-01-30 01:32:42","false"
"32","51","6131.47","15","2022-05-23 00:12:42","false"
"33","80","4194.62","10","2020-02-29 21:40:08","true"
"34","19","1196.91","9","2024-04-13 17:18:11","false"
"35","56","2520.72","18","2025-10-23 15:41:48","false"
"36","11","6518.90","9","2020-01-08 06:55:41","false"
"37","59","13389.24","20","2022-06-13 13:03:39","true"
"38","41","7510.88","11","2025-06-30 11:20:16","false"
"39","53","1169.90","5","2024-03-15 05:26:31","true"
"40","99","4036.97","8","2021-09-25 04:37:42","true"
"41","28","9143.63","18","2026-02-27 19:58:05","false"
"42","48","3613.85","8","2024-05-30 00:35:37","true"
"43","99","2618.29","4","2025-09-05 01:30:46","true"
"44","67","2098.96","5","2025-05-02 09:00:42","true"
"45","27","3157.62","7","2026-02-23 03:51:57","false"
"46","22","1131.36","3","2024-04-06 06:10:40","false"
"47","43","571.20","2","2026-03-24 13:08:49","false"
"48","87","4449.10","10","2025-09-05 12:29:54","true"
"49","73","4096.81","8","2021-12-23 20:50:53","true"
"50","9","3283.98","6","2024-11-06 18:43:42","true"
"51","78","11340.01","20","2023-11-23 12:46:34","true"
"52","85","4775.62","12","2025-04-20 08:21:44","false"
"53","77","4224.15","10","2023-09-24 05:43:50","true"
"54","37","5182.30","13","2026-01-31 20:33:46","false"
"55","16","957.85","5","2024-03-20 13:37:53","true"
"56","3","10896.18","15","2022-02-04 21:37:56","true"
"57","27","4124.58","10","2024-07-25 14:12:57","true"
"58","45","7365.06","14","2024-03-23 01:40:31","false"
"59","60","7488.89","11","2022-09-24 06:57:49","true"
"60","10","4826.10","5","2024-10-18 07:35:33","true"
"61","16","12445.06","17","2023-08-22 16:04:45","false"
"62","47","8555.42","18","2024-02-18 00:10:41","false"
"63","96","3910.29","15","2024-10-13 12:39:04","false"
"64","36","9205.84","14","2020-10-20 19:15:54","false"
"65","84","7444.92","15","2023-08-14 23:33:10","false"
"66","85","1049.64","3","2025-08-13 06:19:18","false"
"67","5","6215.75","11","2022-01-07 23:03:01","true"
"68","46","3247.94","6","2021-02-08 07:06:08","true"
"69","53","462.05","5","2020-09-27 11:31:12","false"
"70","42","395.32","1","2021-10-31 02:58:40","true"
"71","24","8469.02","10","2022-06-12 20:57:32","false"
"72","0","5603.77","9","2021-10-02 15:18:29","true"
"73","80","493.80","2","2021-08-10 02:04:04","false"
"74","89","3013.66","4","2026-01-27 02:39:54","false"
"75","16","1348.59","6","2021-12-09 05:47:02","true"
"76","35","9001.59","18","2025-05-24 02:41:21","false"
"77","91","7803.80","15","2024-10-01 08:59:42","false"
"78","96","2628.33","6","2023-05-02 22:18:05","false"
"79","90","9253.47","18","2026-02-04 22:09:25","false"
"80","49","3785.28","11","2021-06-21 20:47:21","true"
"81","63","2957.76","3","2022-12-05 20:05:55","true"
"82","12","7470.89","13","2022-04-05 04:44:07","false"
"83","93","2669.94","6","2021-04-14 18:54:15","true"
"84","80","1536.81","3","2020-12-31 08:00:19","false"
"85","2","5858.84","15","2020-04-28 19:58:39","false"
"86","50","14012.61","21","2021-09-24 02:14:07","false"
"87","38","3713.75","5","2026-01-05 11:53:55","false"
"88","62","1316.00","2","2026-03-30 15:25:25","true"
"89","83","7004.61","13","2022-06-10 00:00:21","true"
"90","43","1733.72","2","2021-05-01 01:34:45","true"
"91","76","3856.24","4","2021-06-23 22:51:17","true"
"92","39","417.45","1","2022-06-08 20:39:12","true"
"93","33","8022.86","12","2023-11-15 03:04:55","true"
"94","77","8746.60","21","2023-05-29 13:30:06","false"
"95","37","906.57","1","2021-12-12 08:08:54","false"
"96","2","8395.33","22","2023-11-19 02:58:16","false"
"97","91","4466.80","10","2023-05-17 00:28:14","false"
"98","11","2803.33","6","2025-05-05 18:07:49","true"
"99","44","818.24","1","2025-05-24 10:37:21","true"
"100","70","5327.90","16","2026-02-07 23:48:10","false"
"101","49","10111.80","21","2026-01-25 12:46:36","false"
"102","68","4014.72","9","2024-09-07 22:34:38","true"
"103","16","1942.22","5","2022-07-18 01:09:54","true"
"104","80","2531.93","5","2023-09-13 01:10:57","false"
"105","61","3998.90","8","2023-10-17 14:27:22","true"
"106","51","4316.39","16","2023-01-23 16:16:04","false"
"107","35","4773.94","8","2021-09-29 23:22:06","true"
"108","68","3185.28","8","2022-06-10 03:43:57","false"
"109","73","9946.56","17","2024-03-21 07:30:31","true"
"110","26","6952.01","11","2025-01-21 18:57:43","true"
"111","2","4876.40","5","2020-09-04 20:08:11","false"
"112","5","9992.80","16","2020-10-13 12:12:04","true"
"113","30","914.24","2","2022-05-24 22:59:50","true"
"114","24","1495.10","5","2023-04-27 07:15:42","true"
"115","10","5640.65","11","2023-04-11 08:07:23","false"
"116","2","8581.92","16","2023-05-21 05:58:03","false"
"117","91","4350.83","7","2020-07-19 17:19:30","false"
"118","55","10497.81","17","2023-02-23 18:46:23","false"
"119","96","7597.79","24","2025-11-20 01:13:53","false"
"120","6","5915.77","12","2023-11-25 07:02:44","true"
"121","92","5136.23","15","2020-06-24 19:54:45","false"
"122","56","10129.07","22","2021-10-06 18:03:32","true"
"123","36","3857.96","8","2024-05-23 07:47:48","true"
"124","78","2923.12","5","2023-11-17 09:35:17","true"
"125","35","7863.39","21","2025-03-19 11:37:25","false"
"126","5","5510.54","7","2020-09-20 12:47:57","true"
"127","4","3838.59","8","2023-05-11 13:15:32","true"
"128","34","232.36","1","2025-12-30 10:48:41","true"
"129","20","8428.38","20","2025-11-06 04:46:32","false"
"130","46","5510.32","12","2020-01-14 09:58:20","false"
"131","60","5871.52","19","2022-10-03 14:25:04","true"
"132","92","8904.17","13","2024-03-13 09:48:48","true"
"133","41","8887.64","18","2020-09-23 21:17:06","true"
"134","39","1742.00","2","2020-03-03 08:00:40","true"
"135","51","10982.03","20","2022-06-15 23:16:41","true"
"136","63","5124.60","10","2024-05-31 08:10:04","true"
"137","14","1328.96","4","2023-05-01 16:39:16","false"
"138","48","2027.50","8","2025-08-24 07:41:52","true"
"139","86","8645.49","9","2023-11-18 06:36:46","true"
"140","12","2382.64","6","2020-08-06 22:39:25","true"
"141","56","1623.63","3","2021-02-19 16:05:29","true"
"142","7","9466.29","14","2020-09-30 01:48:48","true"
"143","9","4000.78","10","2020-03-11 17:01:41","true"
"144","17","5632.47","15","2021-07-17 15:00:35","false"
"145","87","5651.97","10","2020-10-18 20:06:08","true"
"146","39","2698.24","4","2024-03-15 12:52:17","true"
"147","24","9421.24","19","2022-04-13 05:29:58","false"
"148","71","3449.72","8","2020-08-19 15:36:03","true"
"149","89","7806.16","14","2024-03-20 19:44:38","false"
"150","84","1060.71","2","2021-05-11 17:15:27","true"
"151","98","290.00","4","2021-06-02 12:39:26","false"
"152","41","961.13","4","2022-07-29 01:26:15","false"
"153","52","3130.63","5","2020-06-14 12:54:26","true"
"154","34","5514.59","7","2021-10-08 16:26:06","false"
"155","14","7968.04","11","2025-02-18 17:42:44","false"
"156","50","4779.78","8","2020-01-30 02:20:11","true"
"157","94","5251.85","16","2025-08-11 13:00:46","true"
"158","20","1667.34","9","2023-11-28 23:02:21","false"
"159","77","10643.70","17","2022-03-18 01:00:08","true"
"160","29","4734.05","11","2024-10-04 20:19:20","false"
"161","99","8081.48","13","2021-01-07 00:34:34","false"
"162","5","9680.97","14","2026-03-23 04:29:12","false"
"163","85","71.70","1","2021-11-23 15:31:00","true"
"164","72","1018.35","5","2022-08-02 17:52:40","true"
"165","54","6158.82","12","2023-03-24 07:44:38","true"
"166","96","3957.70","11","2023-11-30 13:00:00","false"
"167","51","8310.81","16","2024-10-29 08:31:55","false"
"168","97","2897.85","3","2022-04-04 08:52:38","true"
"169","93","8034.03","13","2023-06-12 04:10:38","true"
"170","8","10611.59","15","2021-05-25 00:39:03","false"
"171","49","3707.50","5","2024-12-24 22:04:48","true"
"172","38","4671.90","8","2022-12-14 16:50:31","true"
"173","49","4005.10","7","2025-07-11 17:02:34","false"
"174","27","2970.21","3","2022-02-26 04:15:12","true"
"175","10","8283.28","15","2020-10-30 00:18:51","true"
"176","40","8037.37","12","2023-10-28 04:43:01","false"
"177","93","6462.71","17","2024-08-08 14:16:35","false"
"178","20","8043.67","17","2023-03-22 07:07:13","false"
"179","71","5051.19","19","2023-05-13 21:15:33","true"
"180","20","3286.48","4","2020-10-21 00:27:21","true"
"181","2","663.32","2","2022-09-04 16:12:50","true"
"182","50","7203.96","16","2025-03-29 10:46:49","true"
"183","14","5425.20","9","2022-08-16 00:08:51","true"
"184","97","5567.84","15","2024-04-11 09:58:25","true"
"185","2","7344.36","15","2021-12-13 04:48:40","false"
"186","66","8692.91","15","2020-03-09 12:09:56","true"
"187","35","3967.33","11","2022-03-31 21:22:47","false"
"188","33","8559.36","15","2022-09-08 22:33:51","true"
"189","15","2913.04","4","2024-05-22 01:22:20","true"
"190","30","1099.80","2","2026-01-04 05:47:41","false"
"191","40","4672.34","8","2021-01-17 16:14:07","true"
"192","90","6505.01","16","2026-01-12 14:54:44","false"
"193","81","3140.04","5","2021-05-12 02:09:22","false"
"194","3","4496.59","7","2020-02-13 17:05:14","true"
"195","18","8128.54","13","2023-09-10 10:58:27","true"
"196","12","642.74","1","2020-10-13 13:17:01","true"
"197","36","10373.51","18","2022-03-14 12:41:35","true"
"198","25","2095.50","8","2025-10-10 06:59:14","true"
"199","1","9007.75","12","2022-05-26 19:07:44","true"
"200","4","2111.55","5","2021-10-21 16:34:46","false"
"201","74","1495.98","5","2024-11-16 07:07:21","true"
"202","27","3574.27","7","2022-06-05 09:35:28","true"
"203","19","10392.29","23","2021-06-25 05:49:50","true"
"204","9","10268.47","17","2025-01-10 00:15:54","true"
"205","32","7484.55","9","2020-08-24 08:41:41","false"
"206","99","2498.07","13","2025-08-29 20:40:57","false"
"207","39","6739.37","16","2021-04-22 18:21:23","false"
"208","28","7054.89","13","2024-02-23 08:48:35","true"
"209","7","1223.84","2","2023-08-27 04:44:23","true"
"210","75","7478.29","15","2023-08-19 00:54:30","true"
"211","28","7926.26","18","2023-02-05 09:35:42","true"
"212","34","1901.74","8","2023-03-17 17:08:12","false"
"213","62","12491.18","19","2024-10-09 08:18:37","false"
"214","67","8192.01","16","2020-11-03 16:14:14","false"
"215","65","5869.72","8","2021-03-05 12:22:46","false"
"216","52","845.00","6","2022-06-17 11:21:50","true"
"217","43","3211.97","7","2020-03-14 18:30:27","true"
"218","98","11521.43","17","2021-06-09 22:22:43","false"
"219","64","9548.17","17","2024-08-22 15:26:35","false"
"220","54","2993.68","10","2024-02-25 15:38:32","false"
"221","36","3544.52","4","2024-12-31 13:10:17","true"
"222","38","2507.37","3","2020-02-28 05:37:09","true"
"223","80","7291.12","9","2025-04-25 04:15:45","false"
"224","24","1655.28","2","2026-04-03 01:28:00","false"
"225","52","2490.04","4","2022-05-24 14:16:11","true"
"226","78","2765.68","5","2021-02-02 23:33:13","false"
"227","87","5253.14","11","2023-08-10 09:31:18","false"
"228","68","1241.52","2","2024-05-19 18:08:37","true"
"229","17","3440.84","17","2021-07-31 16:08:29","true"
"230","84","1201.80","5","2020-12-31 13:16:24","true"
"231","72","10651.91","20","2025-01-26 10:53:39","false"
"232","12","823.40","8","2021-07-12 08:31:32","true"
"233","92","5911.65","14","2022-01-25 10:41:46","false"
"234","8","1425.51","3","2024-08-31 22:42:22","true"
"235","76","2637.06","3","2025-10-28 11:32:38","true"
"236","24","884.66","1","2021-03-12 10:59:19","true"
"237","9","8695.66","15","2024-09-18 22:02:13","true"
"238","86","549.54","2","2021-10-01 02:56:28","false"
"239","84","699.10","5","2026-03-29 18:45:37","false"
"240","15","1945.66","6","2022-09-05 23:05:04","true"
"241","95","6663.89","15","2023-01-16 22:50:03","true"
"242","97","8248.40","14","2021-12-04 17:46:49","true"
"243","90","5889.56","10","2025-04-20 12:07:52","false"
"244","25","2797.24","9","2020-10-04 09:02:59","false"
"245","78","5650.68","9","2024-04-23 09:35:20","false"
"246","74","7772.72","13","2020-12-04 12:21:15","true"
"247","41","3361.01","7","2025-02-22 08:43:48","true"
"248","97","7877.91","12","2025-02-01 07:43:56","true"
"249","56","13427.09","20","2020-04-19 17:21:22","false"
"250","73","7883.65","16","2022-12-21 03:48:48","true"
"251","74","3061.26","13","2024-08-04 01:06:21","false"
"252","0","3615.30","8","2021-11-25 13:02:23","true"
"253","64","4275.66","6","2024-03-08 00:59:20","true"
"254","78","2602.91","7","2024-10-20 09:06:26","true"
"255","56","8074.21","16","2021-10-16 16:20:49","false"
"256","53","5343.52","15","2023-04-28 02:39:55","false"
"257","68","2673.60","10","2026-04-10 09:01:24","false"
"258","13","5302.84","11","2025-01-31 02:07:43","true"
"259","80","2822.18","9","2022-02-12 04:25:36","true"
"260","33","4877.00","5","2020-08-29 01:27:38","false"
"261","24","5164.94","15","2021-02-24 21:12:48","false"
"262","35","2516.97","9","2024-05-02 19:17:07","false"
"263","49","4178.34","13","2026-03-22 19:45:33","false"
"264","99","6999.63","14","2025-10-24 02:14:43","false"
"265","83","5634.04","9","2026-03-23 05:12:18","false"
"266","17","8043.60","12","2020-11-12 12:41:15","true"
"267","83","6921.86","13","2022-07-05 09:06:32","false"
"268","7","1497.20","5","2023-07-06 08:29:28","true"
"269","26","2745.54","12","2022-01-26 11:30:03","false"
"270","61","7434.88","16","2025-01-09 05:52:20","false"
"271","88","1992.02","7","2025-12-14 06:53:56","false"
"272","14","9474.64","14","2025-07-31 10:24:47","false"
"273","11","8679.40","15","2020-05-15 10:25:11","true"
"274","64","3701.03","11","2023-05-25 00:36:36","true"
"275","21","7208.15","17","2025-07-01 11:03:41","false"
"276","1","5406.47","17","2025-01-08 07:47:39","true"
"277","47","6584.12","15","2022-11-12 23:50:48","false"
"278","3","5908.04","19","2022-05-16 10:16:48","true"
"279","58","2322.65","5","2021-01-20 19:07:31","true"
"280","4","6452.83","16","2020-01-07 14:07:28","false"
"281","24","2631.57","3","2022-10-02 17:54:50","true"
"282","34","4306.95","6","2021-09-30 15:23:41","false"
"283","97","9963.30","19","2024-11-22 10:57:33","false"
"284","30","964.34","2","2024-05-18 02:18:27","true"
"285","5","6922.39","14","2021-10-29 16:03:03","true"
"286","22","320.85","3","2022-04-05 12:58:37","true"
"287","34","1334.70","6","2024-10-25 18:37:42","false"
"288","49","10610.43","19","2022-08-06 08:39:15","true"
"289","29","6356.08","16","2020-10-01 15:04:07","true"
"290","76","2309.94","3","2025-08-31 02:25:08","true"
"291","14","8551.58","11","2022-02-01 20:49:59","false"
"292","23","13445.43","29","2021-04-07 22:10:18","true"
"293","71","4648.70","17","2022-06-12 11:17:54","true"
"294","50","6185.93","8","2025-04-05 10:56:46","true"
"295","57","439.53","3","2025-05-22 02:45:25","true"
"296","39","6843.27","9","2021-02-19 02:42:05","true"
"297","90","6692.53","13","2021-06-28 06:50:04","false"
"298","13","4744.31","5","2020-07-12 16:37:01","false"
"299","67","9123.12","20","2023-03-26 04:00:01","false"
"300","45","7198.75","12","2020-04-21 17:35:25","false"
"301","90","1061.20","4","2025-09-24 20:50:18","false"
"302","91","9269.90","21","2021-05-04 21:16:05","true"
"303","17","3604.20","5","2023-11-22 17:26:54","true"
"304","96","4927.24","13","2025-06-06 17:58:13","false"
"305","62","10215.57","14","2025-07-07 20:30:53","false"
"306","37","4533.68","10","2024-08-28 23:22:41","true"
"307","9","5317.30","12","2020-02-11 00:03:27","false"
"308","12","4530.26","11","2025-02-17 18:06:46","false"
"309","19","5059.26","12","2024-08-29 17:43:31","false"
"310","97","998.01","6","2022-11-20 00:15:04","true"
"311","41","2162.50","4","2026-01-11 09:06:10","false"
"312","93","5980.92","12","2022-10-27 20:29:07","true"
"313","54","2909.63","10","2023-08-03 12:45:47","true"
"314","24","5812.23","7","2023-03-20 10:06:00","false"
"315","45","2181.89","8","2020-05-28 07:57:56","false"
"316","12","11193.71","19","2020-12-26 14:10:47","false"
"317","31","5043.98","8","2021-01-25 18:37:37","true"
"318","74","7204.91","17","2024-08-08 07:57:18","true"
"319","64","6537.62","16","2020-01-07 00:58:31","true"
"320","35","11104.36","21","2025-02-21 22:15:19","true"
"321","26","4052.22","13","2025-06-26 23:05:23","false"
"322","41","423.92","1","2025-05-31 13:43:02","true"
"323","17","5899.14","11","2024-12-22 07:26:40","true"
"324","33","3697.07","19","2024-08-01 21:53:52","false"
"325","74","906.68","2","2021-06-29 12:02:35","true"
"326","57","6427.42","9","2022-09-25 23:24:30","true"
"327","19","1208.08","5","2023-09-15 08:35:46","false"
"328","8","4815.18","8","2024-07-01 21:50:49","true"
"329","44","3452.23","10","2021-06-27 01:36:11","false"
"330","61","695.07","3","2025-07-28 02:04:57","false"
"331","44","3553.33","8","2023-09-02 18:24:11","true"
"332","65","3206.80","4","2025-03-09 06:42:50","true"
"333","52","6568.56","9","2025-11-15 16:27:46","false"
"334","23","6850.35","13","2024-06-30 22:15:10","true"
"335","9","1813.04","3","2022-12-02 07:31:45","true"
"336","55","6735.03","9","2024-11-27 19:17:40","false"
"337","56","1567.38","2","2020-01-04 14:36:29","true"
"338","45","7982.99","12","2022-04-02 10:22:39","true"
"339","76","10239.25","15","2023-08-14 19:31:25","false"
"340","81","3757.61","10","2024-05-10 07:26:38","false"
"341","62","2865.24","4","2023-02-02 19:05:14","true"
"342","64","6549.51","15","2025-11-23 09:25:33","true"
"343","23","1660.60","4","2020-09-25 17:47:36","false"
"344","33","1708.58","2","2022-02-08 07:45:32","true"
"345","38","3778.29","16","2024-10-07 20:20:15","false"
"346","43","4984.89","7","2022-01-28 09:13:39","false"
"347","80","4161.60","11","2021-11-04 09:38:39","true"
"348","67","3204.26","10","2024-09-10 19:24:48","true"
"349","48","3077.15","5","2023-08-28 13:14:48","true"
"350","39","410.73","1","2022-07-15 01:17:10","false"
"351","81","9137.22","19","2024-12-06 01:35:18","false"
"352","18","866.44","4","2022-11-18 06:28:42","true"
"353","27","5454.02","10","2021-03-27 17:57:46","false"
"354","4","4773.56","5","2025-05-07 09:32:32","true"
"355","85","6438.08","19","2023-09-20 17:36:52","false"
"356","9","8802.51","11","2022-01-11 10:23:55","true"
"357","20","159.90","3","2024-05-27 23:07:30","true"
"358","60","4357.28","6","2025-08-29 05:13:06","true"
"359","87","9434.03","16","2022-08-29 19:46:25","false"
"360","94","4636.42","7","2020-09-16 19:39:19","true"
"361","78","2575.70","5","2020-11-15 14:32:51","true"
"362","13","12314.28","22","2022-05-21 09:44:09","false"
"363","2","1163.32","4","2024-10-17 22:18:17","true"
"364","54","9313.71","17","2025-05-03 05:46:58","false"
"365","68","1695.25","3","2024-07-22 13:27:56","true"
"366","8","5551.95","13","2021-12-17 09:56:07","false"
"367","60","789.95","5","2020-11-10 12:45:48","true"
"368","38","2615.50","3","2025-10-03 20:33:14","true"
"369","37","6000.93","15","2024-05-21 07:22:51","true"
"370","9","10519.92","17","2025-08-15 06:13:23","true"
"371","31","5471.08","15","2025-03-03 09:54:52","true"
"372","32","8909.82","23","2023-07-11 14:39:14","true"
"373","57","294.62","1","2026-01-28 10:42:09","false"
"374","14","4315.48","8","2022-07-17 12:47:36","true"
"375","8","3136.97","7","2020-06-23 08:01:27","true"
"376","64","4157.19","7","2021-02-10 14:50:59","true"
"377","13","4267.35","5","2021-01-24 14:35:28","true"
"378","45","5822.24","13","2023-08-09 02:38:20","false"
"379","91","906.36","3","2023-03-25 11:34:42","true"
"380","86","763.56","3","2021-08-28 14:10:54","true"
"381","42","3938.62","13","2024-08-15 02:07:23","true"
"382","71","5591.62","12","2023-09-14 21:47:34","true"
"383","69","6692.78","14","2021-07-11 07:27:20","false"
"384","89","6682.39","11","2020-07-14 02:46:19","false"
"385","60","7900.08","20","2021-05-29 00:25:37","true"
"386","69","2057.60","13","2024-01-09 10:23:52","false"
"387","63","10700.31","15","2021-09-25 18:08:07","true"
"388","10","8454.98","17","2026-04-01 01:12:16","false"
"389","15","3848.68","4","2020-11-07 11:13:23","true"
"390","73","8226.01","12","2020-10-18 09:15:22","false"
"391","37","1721.08","6","2023-02-17 01:23:20","false"
"392","5","2583.95","10","2023-01-08 00:10:02","true"
"393","92","1020.84","2","2021-12-31 21:04:43","true"
"394","18","40.94","2","2025-03-21 19:30:40","true"
"395","79","6929.41","11","2020-06-09 23:05:58","true"
"396","5","657.48","2","2023-06-22 22:30:31","true"
"397","51","1902.06","3","2023-09-24 13:26:22","true"
"398","19","7168.27","8","2024-07-06 16:42:15","true"
"399","15","6639.46","9","2025-01-18 10:57:56","false"
"400","84","9494.76","23","2021-08-25 15:50:13","false"
"401","76","7393.34","20","2022-07-16 07:40:44","false"
"402","60","6791.81","13","2024-11-27 13:18:54","false"
"403","39","119.24","4","2021-03-12 09:10:14","false"
"404","75","3515.73","7","2025-08-24 09:22:31","true"
"405","91","17457.11","23","2025-12-04 07:36:42","false"
"406","99","4901.83","17","2021-11-29 03:10:13","false"
"407","61","8597.98","18","2025-04-22 19:13:51","false"
"408","59","2498.78","11","2024-02-03 14:12:44","false"
"409","13","21.66","3","2021-09-07 02:47:01","true"
"410","60","11869.39","18","2021-07-08 17:16:47","true"
"411","46","901.96","11","2020-09-20 22:03:06","true"
"412","75","223.13","1","2025-02-10 03:37:44","true"
"413","89","1235.04","5","2025-09-07 01:58:48","true"
"414","50","2546.20","8","2025-12-02 05:40:05","false"
"415","61","4162.05","6","2023-03-01 19:07:24","true"
"416","49","6310.63","18","2020-12-22 04:12:37","true"
"417","56","6789.72","19","2025-09-06 01:13:50","false"
"418","98","965.19","5","2022-07-03 17:02:39","true"
"419","53","4956.48","8","2022-07-18 08:20:08","false"
"420","35","5151.48","11","2020-08-01 11:07:12","true"
"421","32","4499.64","14","2020-02-14 10:35:01","true"
"422","33","1501.59","3","2023-11-11 00:22:37","true"
"423","41","2083.74","5","2020-12-26 06:52:28","true"
"424","80","6632.77","12","2025-09-06 14:51:49","true"
"425","89","4313.85","5","2020-11-22 04:07:08","true"
"426","23","4242.45","5","2023-03-03 15:21:01","true"
"427","95","2882.19","7","2020-05-04 18:22:22","false"
"428","29","2143.64","4","2020-08-30 05:20:15","false"
"429","54","5036.36","8","2025-05-01 04:38:01","true"
"430","4","1635.02","6","2025-10-07 00:04:37","true"
"431","49","1655.80","2","2022-01-17 05:17:28","true"
"432","99","923.30","8","2022-10-28 11:39:19","true"
"433","29","1532.18","2","2020-12-27 00:59:17","true"
"434","84","5893.18","15","2025-03-12 12:42:22","true"
"435","91","11163.48","17","2022-08-31 17:08:34","false"
"436","8","6064.77","13","2024-07-30 20:04:17","false"
"437","8","7259.96","12","2022-09-20 17:41:24","false"
"438","5","6307.03","22","2025-04-15 16:17:34","false"
"439","81","5499.94","7","2023-03-02 05:37:27","true"
"440","25","3534.79","7","2023-03-20 18:46:57","false"
"441","83","10930.65","17","2025-12-07 04:44:23","false"
"442","38","2934.44","9","2021-04-01 11:41:41","false"
"443","59","11116.89","18","2025-06-12 18:22:02","true"
"444","56","516.26","7","2024-02-08 07:08:55","true"
"445","7","12713.34","22","2021-02-16 22:46:26","true"
"446","32","2820.45","4","2020-02-13 19:31:46","true"
"447","23","3276.38","10","2023-02-26 04:55:25","false"
"448","15","7905.42","15","2020-12-12 13:25:39","false"
"449","5","1904.67","3","2020-02-01 10:59:34","true"
"450","5","4647.37","10","2021-04-23 09:40:21","false"
"451","85","3495.88","9","2024-02-08 08:07:05","true"
"452","88","7722.26","17","2020-06-10 13:22:17","true"
"453","38","8960.75","18","2020-09-09 19:58:41","false"
"454","1","441.60","1","2022-10-29 08:05:03","true"
"455","48","932.82","4","2026-02-24 01:54:24","false"
"456","54","994.26","6","2022-09-26 12:13:01","true"
"457","37","4851.30","5","2022-06-04 04:23:30","false"
"458","45","4278.69","6","2025-02-08 10:36:31","true"
"459","49","7412.01","13","2021-01-31 22:23:02","false"
"460","50","12598.64","21","2020-01-01 15:00:07","true"
"461","3","4727.75","7","2023-03-03 03:40:43","false"
"462","69","164.40","4","2024-03-23 04:45:58","true"
"463","72","124.41","3","2024-05-18 01:06:49","true"
"464","40","273.80","5","2022-05-03 01:22:56","true"
"465","98","4283.13","8","2024-08-18 05:46:54","false"
"466","60","8755.84","21","2021-05-28 12:13:15","true"
"467","67","148.78","1","2021-02-07 00:31:01","true"
"468","30","2859.77","5","2023-09-08 04:57:54","true"
"469","26","9607.85","19","2025-04-22 00:11:03","false"
"470","95","3513.90","8","2025-05-19 04:55:43","true"
"471","38","3817.17","14","2021-05-01 18:47:16","true"
"472","67","2288.48","4","2026-01-22 02:15:43","true"
"473","26","3827.03","17","2020-04-29 03:48:55","true"
"474","36","8210.87","14","2021-10-16 14:49:10","false"
"475","14","6798.63","12","2024-02-27 16:26:45","true"
"476","26","5615.17","11","2021-12-02 17:07:36","true"
"477","55","7952.16","19","2025-12-30 22:27:47","false"
"478","5","3101.05","7","2024-01-29 02:42:10","true"
"479","13","6010.84","12","2023-11-12 22:01:07","true"
"480","7","1249.12","4","2022-12-08 16:48:06","true"
"481","96","7461.71","15","2021-02-24 17:41:21","false"
"482","99","1769.24","2","2023-06-10 22:24:11","true"
"483","10","4441.08","8","2025-09-01 17:42:26","false"
"484","36","2796.00","5","2020-03-11 09:17:05","true"
"485","98","3215.45","7","2021-01-12 03:10:31","false"
"486","9","1582.17","3","2021-02-07 02:55:27","true"
"487","35","4190.52","9","2021-04-13 09:50:45","true"
"488","7","3704.15","10","2024-03-16 09:37:02","true"
"489","48","9947.79","15","2025-10-02 03:19:59","false"
"490","0","8913.16","15","2024-08-26 23:02:09","true"
"491","71","6230.80","11","2020-11-18 08:20:29","false"
"492","70","4392.04","13","2021-01-20 23:22:43","true"
"493","26","4724.36","11","2022-01-16 02:13:44","true"
"494","2","3227.70","7","2022-04-18 15:54:27","true"
"495","35","13040.01","21","2021-02-14 04:46:02","true"
"496","44","62.75","1","2025-03-20 04:14:34","true"
"497","94","2808.18","5","2025-04-13 22:16:41","true"
"498","41","7429.86","15","2021-11-24 12:06:59","true"
"499","61","1379.57","5","2023-09-16 22:18:04","false"
"500","5","3616.25","8","2025-10-06 18:47:31","false"
"501","22","492.32","2","2024-12-27 19:42:26","true"
"502","31","2015.75","8","2021-07-03 23:43:10","false"
"503","3","2610.24","4","2026-03-02 15:36:35","false"
"504","67","1629.02","2","2021-09-15 21:15:06","true"
"505","78","10573.78","19","2022-08-12 04:35:24","true"
"506","6","645.41","1","2020-02-14 19:31:47","true"
"507","70","6816.91","11","2020-04-04 07:35:19","true"
"508","6","3763.57","9","2025-09-29 22:35:25","true"
"509","68","3083.43","9","2022-09-20 18:21:26","true"
"510","48","422.91","3","2023-06-05 19:25:20","true"
"511","88","3748.60","6","2025-03-29 07:52:08","false"
"512","9","6742.84","21","2024-03-05 13:53:23","true"
"513","87","13497.75","20","2022-07-08 21:27:51","false"
"514","97","7649.64","15","2020-05-28 06:45:05","false"
"515","22","1529.20","4","2025-04-14 18:43:50","true"
"516","11","4983.47","14","2023-04-11 12:28:31","false"
"517","25","2873.32","6","2023-05-29 17:56:53","true"
"518","50","12.66","2","2023-11-20 02:19:34","true"
"519","32","10494.44","22","2025-02-17 09:46:20","false"
"520","7","7094.77","15","2020-11-25 08:01:37","false"
"521","61","2124.96","8","2025-11-08 05:28:49","true"
"522","50","6138.27","11","2020-02-01 12:11:29","false"
"523","81","10374.69","15","2025-09-11 02:28:47","true"
"524","50","1462.52","5","2022-10-29 07:45:14","true"
"525","91","11223.18","18","2024-10-19 04:00:28","false"
"526","14","3948.21","7","2022-01-01 12:53:28","true"
"527","36","7076.67","16","2021-01-03 05:10:54","true"
"528","69","276.54","2","2024-05-29 13:20:31","true"
"529","42","1392.75","7","2021-03-30 09:18:24","false"
"530","64","2277.84","6","2023-03-11 15:13:41","false"
"531","74","6818.55","8","2022-05-18 17:49:22","true"
"532","36","8310.41","15","2024-02-25 04:55:47","false"
"533","13","7636.25","14","2021-03-24 23:53:44","false"
"534","37","2761.76","4","2020-09-30 16:15:54","true"
"535","93","10223.73","22","2020-05-22 23:22:05","false"
"536","74","3030.22","4","2022-12-16 10:33:49","false"
"537","33","4081.13","10","2025-06-29 13:05:16","true"
"538","27","10960.44","20","2020-04-20 02:57:58","false"
"539","36","8674.16","19","2021-10-18 15:20:26","true"
"540","5","8441.53","14","2020-08-23 01:53:21","true"
"541","0","188.80","1","2024-04-15 18:00:24","true"
"542","84","1745.30","7","2025-09-09 20:47:09","true"
"543","64","9277.76","18","2025-05-07 07:07:32","false"
"544","47","3566.44","7","2023-11-24 18:45:00","true"
"545","20","3060.91","10","2020-10-16 19:19:04","true"
"546","51","3364.40","5","2023-03-26 08:27:55","true"
"547","52","5975.90","13","2020-03-18 19:19:15","false"
"548","30","1005.58","2","2022-12-16 10:58:21","true"
"549","30","591.36","3","2024-02-14 21:45:21","true"
"550","8","6576.73","13","2024-03-07 20:32:23","false"
"551","63","3591.02","6","2023-12-09 05:11:42","true"
"552","70","6283.12","8","2025-01-25 12:38:15","true"
"553","65","974.06","1","2020-04-15 12:53:38","false"
"554","66","6360.58","9","2021-05-19 10:57:24","true"
"555","25","3350.30","5","2025-11-13 16:01:42","true"
"556","11","6510.89","17","2025-01-18 13:03:41","true"
"557","29","2014.56","4","2023-10-27 22:01:04","true"
"558","56","12297.97","18","2021-03-28 08:05:38","true"
"559","28","7954.30","22","2025-04-17 18:59:06","true"
"560","36","1886.76","6","2025-05-02 18:29:13","true"
"561","40","3591.43","10","2020-05-02 06:54:18","false"
"562","82","7321.57","14","2024-04-18 07:06:07","false"
"563","38","4276.26","6","2024-04-19 21:28:40","true"
"564","15","9719.71","15","2023-01-16 08:34:54","true"
"565","96","6042.62","11","2024-05-31 22:33:23","true"
"566","5","4966.70","14","2023-11-27 11:10:00","false"
"567","11","1955.97","6","2023-08-19 21:56:33","true"
"568","4","2848.74","3","2020-04-25 07:43:09","true"
"569","9","1718.05","5","2026-02-16 10:23:26","false"
"570","83","5904.14","16","2020-06-27 22:52:17","false"
"571","25","10695.25","20","2022-06-10 22:39:18","true"
"572","20","1400.30","4","2021-07-08 17:57:50","false"
"573","5","4885.44","15","2025-07-08 01:02:14","false"
"574","15","5721.34","10","2021-06-18 19:10:08","false"
"575","50","6564.53","13","2024-02-04 05:54:35","false"
"576","96","11385.57","20","2023-01-23 17:53:19","false"
"577","42","7051.31","8","2023-08-28 00:58:29","true"
"578","84","10065.98","15","2023-07-01 15:31:29","false"
"579","49","3667.92","8","2024-01-19 00:44:33","true"
"580","52","3732.65","5","2021-10-04 16:21:32","true"
"581","69","4887.40","8","2025-04-11 23:57:43","true"
"582","43","2129.70","3","2025-12-18 12:36:07","false"
"583","1","3346.25","9","2025-10-28 22:35:34","true"
"584","73","2755.85","7","2022-04-11 17:56:10","true"
"585","38","811.41","2","2021-12-07 14:40:24","false"
"586","3","10066.79","16","2023-11-16 22:05:25","false"
"587","34","5029.58","16","2024-06-16 01:13:54","false"
"588","92","1428.95","2","2021-11-10 10:23:06","true"
"589","37","6430.97","21","2025-12-10 18:09:56","false"
"590","42","6546.68","10","2023-02-28 04:15:27","true"
"591","78","3863.59","10","2025-07-30 13:23:05","false"
"592","28","1147.70","7","2023-09-24 05:25:28","false"
"593","49","4415.80","12","2020-06-18 08:14:28","true"
"594","21","5440.91","6","2021-08-04 08:43:16","true"
"595","60","2618.16","7","2025-05-13 02:48:41","true"
"596","2","3778.75","5","2023-06-21 13:48:33","true"
"597","28","7545.39","13","2022-09-30 08:28:45","true"
"598","72","8411.96","14","2022-10-20 08:56:25","false"
"599","17","3496.01","6","2023-02-13 16:26:23","true"
"600","81","5631.39","8","2026-03-12 13:36:33","false"
"601","35","3981.59","9","2021-12-22 05:13:02","false"
"602","22","8421.26","19","2022-01-17 05:44:45","false"
"603","62","7604.83","16","2023-03-15 10:50:01","false"
"604","38","801.22","2","2020-06-22 03:58:09","true"
"605","42","6404.17","11","2023-04-27 13:09:26","false"
"606","4","10318.80","14","2024-05-11 21:34:30","true"
"607","50","2808.60","4","2022-03-03 11:26:33","true"
"608","36","928.80","5","2024-11-11 07:16:54","true"
"609","38","7547.83","17","2021-12-26 06:31:48","false"
"610","90","2527.02","3","2024-10-08 00:23:05","true"
"611","91","3188.06","9","2024-11-17 22:44:14","true"
"612","95","5945.89","19","2020-07-03 03:12:11","true"
"613","54","6372.24","8","2025-03-01 20:37:51","false"
"614","81","10369.93","21","2021-12-20 07:44:37","false"
"615","86","5635.01","19","2022-12-06 05:50:42","true"
"616","65","14514.68","19","2023-04-11 23:12:40","true"
"617","68","2928.70","5","2021-03-30 05:55:49","true"
"618","40","7721.39","9","2021-02-11 02:07:59","true"
"619","59","737.18","1","2024-07-23 10:48:35","true"
"620","44","2496.57","5","2024-11-13 19:38:09","false"
"621","43","1789.96","3","2020-01-28 11:34:43","false"
"622","64","614.95","1","2023-12-27 02:11:50","true"
"623","58","12444.33","17","2023-04-20 21:18:16","true"
"624","33","3067.97","6","2023-03-09 07:15:02","false"
"625","70","2997.78","6","2025-01-17 15:21:24","true"
"626","16","858.30","2","2023-03-22 17:35:55","true"
"627","70","4623.08","13","2021-11-22 16:47:41","true"
"628","55","8536.45","14","2022-03-17 20:24:24","true"
"629","72","1759.10","4","2025-09-18 09:57:23","false"
"630","38","3909.29","9","2023-11-16 08:05:10","false"
"631","95","8293.41","14","2024-04-29 01:50:46","false"
"632","96","2472.08","4","2022-04-08 09:41:13","true"
"633","33","4120.33","8","2023-06-23 04:18:07","true"
"634","27","8769.04","16","2026-04-06 09:11:42","false"
"635","48","2919.27","5","2022-09-29 00:42:54","true"
"636","60","1531.91","2","2020-09-23 04:28:46","true"
"637","42","8449.52","12","2020-04-06 03:47:46","true"
"638","23","4879.55","10","2022-08-04 14:23:55","false"
"639","82","5393.39","15","2020-04-05 14:57:21","false"
"640","20","2120.69","8","2022-02-19 23:36:31","false"
"641","70","67.94","1","2020-01-16 01:03:54","true"
"642","11","6395.56","8","2023-10-27 20:16:53","false"
"643","99","6126.38","14","2020-04-06 19:46:41","true"
"644","69","2847.25","4","2025-02-11 19:50:08","false"
"645","56","6575.05","18","2022-01-18 23:54:32","false"
"646","84","11957.94","14","2021-05-14 16:30:32","true"
"647","32","3763.16","15","2023-12-10 08:20:16","true"
"648","12","1851.28","4","2020-03-27 20:28:04","true"
"649","66","6894.23","15","2021-10-15 08:59:21","false"
"650","99","3579.69","8","2020-04-01 08:42:25","true"
"651","86","9222.61","21","2023-03-19 05:21:09","false"
"652","52","3816.60","4","2022-05-06 09:45:05","true"
"653","25","6274.84","12","2023-11-20 23:46:12","true"
"654","45","5908.99","13","2025-09-01 08:24:25","false"
"655","65","1905.80","4","2023-09-09 05:15:28","true"
"656","81","4405.64","12","2020-01-22 03:32:17","true"
"657","47","570.72","4","2024-09-06 04:13:42","false"
"658","48","120.80","5","2020-07-24 02:21:26","false"
"659","90","5368.38","8","2023-01-26 13:58:40","true"
"660","12","5496.32","13","2021-06-11 00:50:00","false"
"661","94","4754.75","18","2025-06-23 23:50:29","false"
"662","45","3500.68","6","2020-01-10 22:58:08","true"
"663","38","8591.36","19","2022-11-01 18:52:42","true"
"664","30","7891.68","13","2025-10-27 07:24:01","true"
"665","23","7984.77","13","2024-02-21 02:10:55","false"
"666","90","3558.04","7","2021-09-16 06:14:22","true"
"667","66","6397.72","14","2024-03-25 06:58:30","true"
"668","79","8279.40","16","2024-10-11 11:11:39","false"
"669","80","3776.81","15","2023-01-22 18:06:30","false"
"670","78","4609.99","9","2023-04-17 05:05:40","false"
"671","1","1738.03","7","2024-01-13 07:41:40","true"
"672","22","809.73","2","2023-05-04 01:24:09","false"
"673","55","10210.31","21","2025-01-22 02:39:57","false"
"674","41","9106.25","10","2020-05-22 00:21:05","true"
"675","11","2601.88","7","2023-03-11 12:08:36","false"
"676","65","7236.20","19","2021-06-12 02:26:17","true"
"677","81","4552.61","15","2024-06-23 01:03:08","true"
"678","40","297.40","2","2023-02-14 01:59:42","true"
"679","81","2963.02","6","2025-07-01 04:11:07","true"
"680","3","2695.91","11","2024-11-15 22:20:59","true"
"681","24","4729.97","10","2021-06-18 01:40:51","true"
"682","44","3040.62","6","2021-09-22 10:11:40","true"
"683","26","8703.18","12","2023-09-15 07:45:00","true"
"684","94","4169.89","9","2021-03-17 02:34:52","true"
"685","74","6040.84","16","2023-04-26 20:18:25","false"
"686","54","67.47","1","2024-06-26 00:32:46","true"
"687","67","1170.25","5","2024-08-19 03:52:48","false"
"688","47","1063.50","5","2022-02-22 21:30:27","true"
"689","94","3640.31","10","2025-10-17 13:52:55","true"
"690","26","17197.45","25","2020-04-20 15:20:53","true"
"691","33","2288.70","5","2025-06-29 07:48:11","false"
"692","38","9651.88","16","2021-04-25 20:36:01","true"
"693","13","11027.85","20","2021-03-02 16:07:25","false"
"694","89","5086.15","17","2025-07-27 20:07:34","false"
"695","25","14019.49","19","2020-03-02 03:43:38","false"
"696","47","974.84","10","2025-07-23 07:01:49","true"
"697","82","11911.90","21","2025-09-14 11:19:44","false"
"698","82","7772.84","18","2024-10-25 08:48:02","false"
"699","38","6759.91","12","2021-12-28 16:08:12","false"
"700","89","4513.31","8","2022-10-17 20:23:37","false"
"701","23","9924.83","17","2022-01-18 22:51:47","false"
"702","84","10920.10","17","2020-02-24 04:37:14","false"
"703","21","4066.85","13","2025-08-16 19:13:27","false"
"704","46","2743.12","4","2020-01-18 05:09:21","true"
"705","54","10908.27","22","2023-01-05 21:14:31","false"
"706","93","2244.37","4","2022-09-02 02:01:55","true"
"707","7","2840.68","4","2025-02-05 14:15:22","true"
"708","10","2598.10","6","2025-11-22 12:42:18","true"
"709","24","7336.73","15","2025-12-10 08:19:30","false"
"710","46","4147.45","14","2023-07-15 09:07:55","false"
"711","47","1453.32","3","2022-06-08 01:31:49","true"
"712","38","3763.37","13","2022-06-13 12:36:59","true"
"713","84","9450.11","12","2023-06-22 04:29:28","false"
"714","43","3701.90","9","2020-05-25 04:27:33","true"
"715","29","3030.84","14","2024-12-16 23:34:18","true"
"716","2","5593.00","19","2020-12-29 11:44:40","false"
"717","22","9417.68","18","2024-05-20 00:08:59","true"
"718","30","713.13","3","2020-05-29 01:38:14","true"
"719","94","729.27","3","2022-11-20 11:43:58","true"
"720","84","452.78","1","2021-03-11 08:39:21","true"
"721","60","3732.07","9","2026-01-12 19:32:57","false"
"722","51","10614.20","21","2022-01-01 20:10:33","true"
"723","82","5811.17","13","2025-12-09 10:32:26","false"
"724","11","7742.27","15","2024-12-15 10:06:04","false"
"725","80","1386.98","6","2025-11-23 20:53:35","true"
"726","32","732.10","1","2025-12-31 08:21:16","true"
"727","65","8576.64","13","2022-03-05 06:38:01","true"
"728","83","2165.68","6","2020-07-15 21:33:00","false"
"729","53","5053.30","13","2025-10-16 00:39:08","false"
"730","23","703.57","1","2020-07-03 02:56:34","true"
"731","58","4147.04","11","2021-01-25 09:05:15","true"
"732","26","8235.76","20","2025-02-09 03:21:37","false"
"733","34","1328.48","2","2023-05-16 07:19:25","true"
"734","48","5396.15","12","2024-12-14 18:38:34","false"
"735","55","9673.79","21","2020-02-20 22:36:10","false"
"736","53","3859.53","6","2024-10-06 04:33:40","false"
"737","47","4698.06","13","2021-07-16 16:42:32","true"
"738","56","1493.78","6","2022-06-30 21:45:12","true"
"739","88","5275.91","12","2022-05-24 23:29:34","true"
"740","46","5075.08","7","2025-08-27 18:43:14","true"
"741","12","2218.80","3","2024-10-08 14:42:26","false"
"742","57","3852.89","12","2020-11-04 10:28:15","true"
"743","80","5449.69","11","2023-12-27 00:15:35","false"
"744","45","9507.73","17","2023-07-02 10:22:59","true"
"745","98","458.42","2","2020-04-09 05:01:02","true"
"746","79","6285.23","8","2023-02-14 06:02:59","true"
"747","83","636.98","2","2022-09-30 12:02:02","true"
"748","46","6226.37","14","2020-08-28 02:24:55","true"
"749","59","3560.30","7","2023-12-23 20:36:15","false"
"750","80","5341.03","10","2026-02-16 07:04:42","false"
"751","61","3976.46","6","2022-03-27 18:52:57","false"
"752","17","1635.16","4","2022-12-30 04:55:30","false"
"753","96","7573.21","14","2020-07-11 08:38:47","false"
"754","84","4210.37","9","2024-10-11 08:37:30","false"
"755","39","269.14","2","2025-06-15 21:50:51","true"
"756","63","10613.45","16","2024-07-15 14:03:28","false"
"757","13","1028.41","7","2025-05-08 11:12:08","true"
"758","14","1684.93","9","2025-10-01 14:31:11","false"
"759","11","7588.06","16","2025-11-19 20:24:43","false"
"760","36","7214.33","14","2020-05-09 17:36:45","false"
"761","24","11527.00","18","2022-09-22 04:41:55","false"
"762","61","3519.61","20","2025-09-22 14:02:56","false"
"763","85","1141.54","2","2022-12-23 09:41:34","true"
"764","0","6293.31","11","2025-11-11 18:41:38","true"
"765","35","5381.52","9","2020-07-28 15:00:48","true"
"766","51","9639.52","17","2022-05-23 04:46:26","true"
"767","7","8618.06","11","2022-03-08 09:48:38","false"
"768","99","3684.23","14","2020-06-12 20:01:05","false"
"769","36","6004.86","9","2023-03-17 00:45:41","false"
"770","51","2520.44","4","2023-11-03 19:08:31","false"
"771","57","3774.81","22","2024-03-09 01:51:22","false"
"772","38","8545.56","11","2020-07-09 16:10:58","false"
"773","42","10514.77","19","2021-06-18 15:16:14","false"
"774","23","5740.77","8","2020-02-17 03:29:11","false"
"775","56","4816.76","10","2026-02-06 22:39:55","false"
"776","71","3741.78","8","2023-05-17 11:47:56","true"
"777","62","9635.33","15","2023-12-15 20:52:57","false"
"778","85","2211.51","15","2020-06-23 02:47:03","false"
"779","21","3331.57","8","2024-11-26 06:21:37","false"
"780","60","9099.24","12","2024-02-13 17:54:58","true"
"781","37","6168.35","8","2024-02-26 03:40:24","false"
"782","8","4908.72","15","2025-12-19 06:14:28","true"
"783","93","4354.12","6","2022-04-14 21:38:34","false"
"784","61","1720.58","11","2022-06-04 01:43:08","true"
"785","68","8356.00","14","2023-03-08 03:45:53","true"
"786","24","11566.82","17","2021-01-22 21:19:42","true"
"787","46","9458.18","14","2025-07-18 10:06:06","true"
"788","79","8726.65","18","2023-06-24 15:53:21","false"
"789","47","8089.88","18","2022-08-17 21:22:40","false"
"790","95","403.80","4","2025-06-02 05:09:48","false"
"791","15","3802.07","6","2025-02-25 15:22:49","true"
"792","6","1781.20","2","2024-08-05 01:40:40","true"
"793","8","2933.52","8","2025-01-21 16:38:26","true"
"794","84","4852.66","11","2025-05-09 12:11:55","false"
"795","90","7345.52","14","2024-07-24 02:11:09","false"
"796","87","12161.57","19","2023-08-06 20:31:30","true"
"797","56","10557.47","17","2024-09-01 04:24:30","true"
"798","97","9209.37","17","2021-12-17 10:54:32","false"
"799","87","2758.15","5","2024-08-01 14:57:37","true"
"800","24","4307.38","9","2022-10-06 02:27:44","true"
"801","89","4317.16","11","2023-06-22 19:49:36","false"
"802","79","12221.44","18","2023-05-22 05:45:56","true"
"803","0","3086.23","9","2020-01-19 01:51:53","true"
"804","84","9932.04","18","2025-04-05 06:09:01","true"
"805","91","2052.44","4","2022-09-02 00:25:58","true"
"806","91","6223.78","12","2022-10-11 19:22:17","true"
"807","15","4822.61","7","2023-04-07 18:31:50","true"
"808","97","2033.75","4","2021-12-05 23:34:41","false"
"809","63","8524.68","16","2020-04-15 03:22:19","false"
"810","3","5639.42","14","2023-08-23 11:02:38","false"
"811","36","11176.96","17","2024-02-25 15:58:30","false"
"812","90","7168.66","14","2022-01-21 19:42:00","false"
"813","43","2563.46","8","2020-11-20 14:14:51","false"
"814","29","3317.40","4","2023-07-21 23:20:00","true"
"815","16","6659.98","15","2020-03-28 14:58:12","false"
"816","64","6522.84","8","2024-05-26 07:32:22","false"
"817","77","3443.71","12","2023-07-28 16:01:50","true"
"818","7","5194.95","16","2024-03-19 17:40:41","true"
"819","10","1317.57","3","2022-06-17 22:35:11","true"
"820","69","6414.87","16","2024-12-10 02:49:43","false"
"821","96","4472.23","11","2021-12-29 09:33:31","false"
"822","86","10164.85","21","2021-09-09 10:27:05","false"
"823","7","3687.68","8","2025-11-02 17:53:51","true"
"824","80","483.92","1","2025-05-26 03:03:02","true"
"825","69","3294.49","7","2024-11-07 17:21:19","true"
"826","68","345.97","7","2024-07-20 08:05:35","true"
"827","31","4117.59","7","2025-08-30 05:53:41","true"
"828","0","3223.72","4","2023-06-17 14:17:28","true"
"829","78","2842.15","6","2025-05-18 01:22:06","false"
"830","16","8788.19","14","2024-04-25 05:13:16","false"
"831","8","951.66","1","2024-07-31 10:04:23","true"
"832","24","6421.04","14","2026-02-04 05:18:29","false"
"833","15","5207.61","8","2023-03-09 16:24:39","true"
"834","22","3635.45","5","2023-06-28 21:14:44","false"
"835","55","4068.01","7","2023-11-12 02:59:39","true"
"836","18","1703.28","4","2022-07-31 00:36:42","false"
"837","41","6207.63","13","2025-08-27 02:41:32","true"
"838","60","953.25","4","2020-08-21 09:00:08","true"
"839","5","5433.41","15","2026-03-22 10:29:08","false"
"840","81","3507.21","12","2024-05-13 18:22:13","false"
"841","47","4795.95","5","2023-08-14 14:10:46","true"
"842","14","5606.36","8","2023-12-09 03:40:46","false"
"843","93","10406.36","17","2020-02-10 18:53:20","false"
"844","51","1044.66","2","2022-02-02 12:14:14","true"
"845","45","5183.92","13","2024-08-20 13:36:29","true"
"846","38","8808.51","22","2021-07-01 16:10:11","true"
"847","66","3510.61","11","2021-10-15 06:49:43","false"
"848","77","7139.99","17","2021-01-08 04:34:16","true"
"849","52","6302.77","12","2021-04-02 07:53:26","false"
"850","96","4797.28","15","2024-05-12 08:33:12","false"
"851","96","2544.62","7","2021-12-01 07:53:04","false"
"852","41","10610.69","19","2022-03-07 18:46:31","true"
"853","67","1826.88","3","2025-01-21 00:46:35","false"
"854","93","7227.75","13","2026-02-24 09:18:29","false"
"855","21","3839.02","10","2026-01-15 23:39:53","false"
"856","40","12369.25","20","2020-11-07 17:36:34","false"
"857","34","3998.75","6","2024-07-19 22:27:04","false"
"858","57","8218.29","11","2021-08-22 05:03:26","false"
"859","39","2511.76","6","2021-09-02 13:45:46","false"
"860","4","1895.93","7","2022-07-07 11:11:56","false"
"861","76","10516.16","16","2022-03-05 13:31:12","false"
"862","19","789.05","5","2024-05-31 17:14:05","false"
"863","69","9844.02","21","2022-01-21 19:58:21","false"
"864","54","5333.97","15","2025-03-24 20:10:43","true"
"865","89","3194.79","14","2021-11-12 00:49:15","false"
"866","82","11139.66","17","2021-01-13 02:31:58","true"
"867","78","607.34","1","2020-07-09 10:00:42","true"
"868","94","5545.57","8","2022-06-20 02:01:15","false"
"869","54","8395.87","14","2021-08-10 15:02:48","false"
"870","41","3408.64","10","2025-07-01 23:45:59","false"
"871","69","928.25","1","2021-11-29 20:04:57","false"
"872","7","7200.31","16","2021-08-09 06:37:40","true"
"873","73","1856.34","2","2021-05-05 08:18:00","true"
"874","73","3859.35","12","2020-01-27 08:23:25","true"
"875","52","1806.00","3","2021-07-19 11:11:09","true"
"876","85","375.84","3","2024-11-19 15:08:39","true"
"877","53","2771.13","11","2021-06-04 06:03:50","true"
"878","18","5400.31","13","2026-04-07 07:51:43","false"
"879","12","5760.57","8","2024-12-14 21:21:53","false"
"880","81","4596.74","8","2024-08-19 00:47:51","true"
"881","41","6412.60","15","2021-05-17 08:18:05","false"
"882","20","2517.87","3","2020-06-25 07:19:18","true"
"883","31","6218.88","8","2025-08-10 03:00:30","true"
"884","31","13720.16","20","2022-05-22 15:12:56","true"
"885","25","4422.50","15","2021-05-29 03:30:27","true"
"886","7","3296.27","5","2024-04-14 01:10:35","false"
"887","25","3475.37","4","2025-06-07 17:49:25","true"
"888","65","2786.31","9","2021-03-28 09:42:59","false"
"889","74","5193.92","8","2020-08-25 21:33:00","false"
"890","14","7991.81","14","2022-12-18 20:06:49","false"
"891","68","9423.79","12","2023-09-13 20:51:32","false"
"892","1","750.44","6","2020-09-14 00:29:33","true"
"893","63","5786.35","18","2025-04-04 15:49:24","false"
"894","60","6262.61","14","2024-04-14 15:45:24","true"
"895","81","1992.48","5","2024-08-07 12:42:45","true"
"896","31","7725.40","16","2025-09-21 17:42:02","false"
"897","68","8952.37","16","2023-03-22 19:52:29","true"
"898","61","595.70","5","2020-05-19 01:10:44","true"
"899","96","7607.90","12","2024-01-24 19:23:57","false"
"900","57","1212.53","3","2025-02-08 04:20:03","true"
"901","26","546.02","1","2021-09-03 17:24:03","true"
"902","70","12244.67","19","2021-09-09 19:17:11","true"
"903","97","996.24","7","2023-12-14 19:25:18","false"
"904","29","10713.39","17","2020-07-14 08:26:57","true"
"905","98","9509.47","17","2024-09-14 07:41:00","false"
"906","37","4390.70","5","2023-06-12 17:55:59","true"
"907","48","1923.22","2","2022-04-11 04:08:40","false"
"908","40","436.07","4","2024-10-14 12:43:24","true"
"909","91","9460.31","16","2025-05-20 23:16:39","true"
"910","30","2443.44","8","2021-12-24 10:52:26","false"
"911","5","10469.28","11","2023-11-22 12:29:33","true"
"912","7","7500.13","18","2023-08-11 00:54:38","true"
"913","95","786.72","2","2020-10-19 13:22:53","true"
"914","26","12289.97","21","2023-08-14 16:43:52","false"
"915","89","5921.92","11","2022-12-28 02:50:15","false"
"916","51","6744.37","7","2021-01-17 10:05:50","true"
"917","55","11686.95","19","2020-08-12 15:39:59","false"
"918","18","6662.34","17","2024-12-07 03:10:22","true"
"919","46","7845.66","18","2024-12-19 09:05:40","true"
"920","80","3114.88","4","2020-04-13 15:31:16","false"
"921","71","2554.83","8","2023-04-04 01:03:33","false"
"922","14","5812.66","19","2025-10-12 01:12:53","true"
"923","89","7152.56","11","2022-08-08 20:59:51","true"
"924","2","8902.52","11","2022-06-16 09:15:07","false"
"925","85","9534.37","16","2025-10-22 06:35:04","true"
"926","53","4172.34","10","2025-09-03 20:22:17","false"
"927","53","245.48","2","2022-12-25 23:31:56","true"
"928","12","4225.76","11","2023-04-04 21:12:35","true"
"929","60","1314.72","3","2025-08-09 12:43:27","true"
"930","37","5969.44","14","2026-03-15 22:58:39","false"
"931","10","6377.71","14","2023-03-09 21:03:46","true"
"932","18","1390.31","7","2022-11-17 21:25:17","true"
"933","92","1703.12","2","2025-02-28 21:36:08","true"
"934","49","1647.24","2","2021-03-03 09:01:44","true"
"935","7","3999.82","11","2023-04-15 18:57:08","true"
"936","27","12006.42","18","2020-02-09 19:11:05","true"
"937","72","10580.94","12","2023-05-11 08:06:39","false"
"938","7","7598.76","13","2021-09-02 17:50:11","true"
"939","0","6719.26","15","2020-08-06 01:23:39","false"
"940","23","2903.20","5","2024-09-07 20:30:35","true"
"941","38","10822.14","19","2022-10-30 09:29:54","false"
"942","44","2134.85","10","2021-07-18 13:35:26","true"
"943","70","9141.23","16","2021-01-08 15:36:26","false"
"944","90","6422.86","13","2023-10-28 22:14:15","false"
"945","15","6410.80","8","2024-06-04 06:31:01","true"
"946","91","10880.12","20","2025-02-25 21:22:40","true"
"947","51","6982.26","18","2024-11-07 12:42:59","true"
"948","3","3623.84","4","2021-08-11 01:33:46","true"
"949","35","5911.70","11","2021-08-29 18:23:33","false"
"950","7","2504.65","5","2023-09-24 05:16:32","false"
"951","99","10913.64","20","2023-02-17 19:49:59","true"
"952","97","3065.19","10","2024-01-02 17:09:38","false"
"953","54","8757.46","16","2020-06-30 11:08:51","false"
"954","60","3719.73","14","2020-02-02 20:07:06","false"
"955","26","6086.98","11","2024-07-01 04:19:44","false"
"956","79","3150.12","6","2023-02-27 07:05:52","true"
"957","22","5174.38","8","2020-05-30 22:32:19","false"
"958","44","1962.16","4","2024-06-21 23:41:14","true"
"959","74","567.56","1","2021-09-09 17:19:06","true"
"960","15","2341.89","6","2024-01-19 16:08:18","false"
"961","34","7066.63","13","2021-08-01 15:47:54","true"
"962","38","7590.91","11","2021-01-26 00:56:03","false"
"963","2","917.00","2","2020-10-08 21:20:32","true"
"964","37","129.46","1","2024-04-26 05:51:25","true"
"965","39","5632.85","16","2023-06-03 20:27:32","false"
"966","38","184.60","1","2021-03-29 07:50:22","false"
"967","35","4220.53","8","2021-09-08 21:24:02","true"
"968","55","9663.52","18","2023-07-31 00:12:10","true"
"969","43","2869.07","5","2022-04-14 15:06:32","true"
"970","7","6104.88","8","2022-12-02 22:29:19","true"
"971","69","8908.32","19","2024-04-14 14:39:56","false"
"972","23","1182.44","5","2025-02-01 15:35:32","false"
"973","22","1110.27","9","2020-06-03 02:43:03","true"
"974","73","6582.57","12","2025-04-27 06:19:50","true"
"975","18","5261.89","10","2020-05-25 12:31:06","true"
"976","4","6672.06","9","2023-06-24 13:40:12","true"
"977","87","7845.70","12","2021-04-07 01:01:17","true"
"978","62","4145.31","11","2023-02-02 03:23:05","true"
"979","41","10820.20","24","2024-03-13 22:35:25","true"
"980","15","5739.81","13","2025-02-01 22:52:20","true"
"981","14","1658.11","4","2023-07-13 19:27:54","true"
"982","33","5960.35","10","2021-06-11 03:00:05","false"
"983","45","3492.84","10","2022-03-31 22:07:44","true"
"984","27","5695.60","13","2020-02-25 19:51:26","false"
"985","99","2347.34","8","2020-04-15 06:35:21","false"
"986","94","4144.42","11","2024-11-18 02:13:44","true"
"987","13","10015.39","12","2022-05-09 03:45:32","true"
"988","65","3664.98","5","2026-02-09 12:57:59","false"
"989","22","5041.44","8","2021-03-30 00:06:40","true"
"990","96","5363.44","9","2022-05-29 02:04:15","true"
"991","60","3010.66","8","2022-11-18 09:22:39","false"
"992","24","13815.51","21","2021-02-26 03:10:18","false"
"993","81","5019.75","16","2025-04-09 06:48:01","false"
"994","16","4814.91","9","2021-05-17 12:45:58","true"
"995","26","7519.61","14","2020-02-16 20:36:31","false"
"996","3","11176.54","19","2022-12-27 17:50:55","false"
"997","62","4386.51","15","2025-09-13 10:36:01","false"
"998","18","5823.13","12","2022-05-03 06:23:18","true"
"999","30","5244.06","10","2022-01-09 23:07:07","false"
"1000","59","11785.62","22","2021-06-14 11:49:04","true"
"1001","0","7936.95","13","2020-08-15 01:04:10","false"
"1002","21","4759.59","12","2020-04-04 20:58:14","false"
"1003","7","4314.27","8","2025-05-17 08:07:40","false"
"1004","50","11775.24","17","2023-05-17 09:59:45","false"
"1005","21","8108.61","14","2024-11-15 09:24:32","true"
"1006","59","7264.47","11","2025-03-14 12:35:23","true"
"1007","62","5674.09","12","2021-04-26 23:33:11","true"
"1008","5","572.35","5","2024-05-16 07:09:03","true"
"1009","72","1204.95","6","2021-10-02 04:41:43","true"
"1010","8","1872.36","3","2021-02-04 12:55:57","false"
"1011","36","4503.48","11","2023-11-16 07:39:32","true"
"1012","76","9446.84","16","2020-08-13 09:30:25","false"
"1013","15","3347.77","6","2023-04-08 07:40:51","true"
"1014","8","4955.80","17","2020-10-26 20:17:05","false"
"1015","1","2696.53","4","2026-03-23 23:52:48","false"
"1016","72","6763.51","7","2022-04-01 19:52:36","true"
"1017","32","9114.95","19","2024-06-05 12:26:19","true"
"1018","65","1000.47","4","2024-09-12 21:41:49","true"
"1019","63","7479.60","16","2020-08-31 23:34:14","false"
"1020","48","9209.50","17","2022-02-06 22:12:39","false"
"1021","98","3903.40","11","2022-10-15 00:08:34","false"
"1022","72","999.91","4","2024-06-12 01:26:47","false"
"1023","21","391.46","1","2021-02-07 14:02:02","true"
"1024","65","2329.25","9","2020-01-25 22:19:04","true"
"1025","65","6384.15","9","2025-08-13 16:15:02","false"
"1026","85","1713.52","9","2023-03-30 20:37:24","false"
"1027","63","2522.69","9","2026-03-26 22:29:20","false"
"1028","9","4613.32","9","2023-10-11 13:31:10","true"
"1029","88","7529.83","9","2025-11-04 05:46:40","false"
"1030","28","204.65","5","2025-07-27 14:19:44","true"
"1031","94","5615.40","10","2025-03-24 20:03:24","true"
"1032","61","1972.65","7","2021-09-19 20:15:32","true"
"1033","28","2339.48","4","2025-07-24 05:47:28","true"
"1034","28","3706.78","10","2025-04-01 05:31:47","true"
"1035","35","3568.96","10","2024-08-10 02:50:38","true"
"1036","41","7093.47","15","2023-11-29 18:31:08","true"
"1037","6","6212.66","14","2025-07-03 05:58:41","true"
"1038","58","263.13","3","2023-12-03 17:30:35","true"
"1039","34","6233.59","14","2021-10-11 05:37:34","false"
"1040","19","4614.25","15","2022-04-19 16:59:41","true"
"1041","35","5230.97","11","2026-03-11 01:55:02","false"
"1042","28","3089.20","6","2023-09-17 20:42:02","false"
"1043","51","6466.70","14","2025-06-12 18:08:04","false"
"1044","28","3394.62","10","2026-02-14 22:08:34","false"
"1045","19","949.54","3","2025-12-02 14:37:10","true"
"1046","43","2087.40","3","2021-07-15 13:04:47","true"
"1047","16","2860.92","4","2023-01-12 17:31:19","true"
"1048","89","3185.23","5","2020-01-03 20:41:44","true"
"1049","55","10629.28","15","2023-02-15 13:13:57","false"
"1050","6","11000.48","22","2023-09-16 20:31:00","false"
"1051","96","1120.36","4","2021-03-14 21:42:21","true"
"1052","58","3116.84","4","2020-05-13 14:20:43","false"
"1053","64","5838.62","13","2020-08-13 15:12:15","false"
"1054","21","3502.10","7","2023-03-13 11:08:27","true"
"1055","68","5577.81","8","2023-01-20 10:29:44","false"
"1056","12","3305.14","6","2024-05-18 08:58:44","true"
"1057","81","14421.87","26","2023-01-11 16:22:46","false"
"1058","26","2323.80","3","2024-03-02 13:25:13","true"
"1059","23","2532.52","4","2023-12-09 11:25:32","true"
"1060","21","390.81","4","2021-08-28 23:22:05","true"
"1061","91","782.67","1","2024-11-28 19:48:33","true"
"1062","65","3588.39","9","2020-07-29 05:19:37","true"
"1063","66","10810.83","16","2021-12-08 05:11:18","false"
"1064","37","8188.26","13","2022-06-14 00:03:03","true"
"1065","74","4258.69","8","2025-09-21 03:33:15","true"
"1066","82","4893.40","18","2021-06-06 00:40:40","false"
"1067","68","16538.11","26","2021-08-30 23:17:25","true"
"1068","7","5464.34","12","2022-10-16 00:11:27","true"
"1069","93","2135.74","7","2025-10-16 10:20:06","false"
"1070","70","8156.96","18","2022-02-21 09:17:19","false"
"1071","59","4926.55","12","2020-11-30 12:05:27","true"
"1072","18","2285.68","11","2023-02-21 23:41:26","false"
"1073","66","5753.90","6","2020-07-22 15:14:55","false"
"1074","47","7719.75","16","2020-12-07 08:54:09","true"
"1075","22","10753.09","21","2025-10-17 01:36:02","false"
"1076","32","8276.80","13","2025-12-31 15:46:31","false"
"1077","21","6456.48","16","2021-09-12 22:46:24","true"
"1078","18","10847.83","20","2025-01-03 15:00:18","false"
"1079","54","4065.00","7","2022-12-06 11:27:59","false"
"1080","3","720.51","1","2020-03-21 21:12:31","true"
"1081","94","2045.19","3","2022-04-13 00:48:48","false"
"1082","2","2424.98","6","2022-12-19 01:07:21","false"
"1083","60","6835.62","15","2025-11-22 13:06:13","false"
"1084","80","8196.34","18","2025-10-15 11:03:18","false"
"1085","36","7838.72","17","2020-06-07 15:27:28","true"
"1086","46","242.30","5","2024-11-27 20:24:17","true"
"1087","44","3195.00","4","2025-11-15 12:25:00","true"
"1088","44","3317.93","5","2023-11-24 18:58:19","true"
"1089","77","11688.02","16","2020-12-14 18:54:41","true"
"1090","6","3900.85","11","2020-09-11 22:07:18","true"
"1091","0","3558.88","5","2021-04-03 16:17:29","true"
"1092","27","9092.00","16","2022-04-25 06:58:48","true"
"1093","82","4763.16","13","2022-01-09 12:53:33","true"
"1094","23","1623.36","2","2022-04-09 13:53:07","true"
"1095","56","15496.09","19","2022-11-16 19:46:50","true"
"1096","39","2315.84","6","2020-12-06 18:23:50","true"
"1097","60","662.72","2","2023-10-22 16:21:20","true"
"1098","65","392.00","4","2025-01-17 17:47:30","true"
"1099","22","10340.76","19","2025-01-10 13:34:08","false"
"1100","17","2194.85","8","2025-05-09 04:13:10","true"
"1101","18","9294.76","13","2023-10-21 01:46:11","true"
"1102","77","1617.00","5","2024-03-03 04:21:07","true"
"1103","4","5657.69","7","2020-08-08 16:58:52","true"
"1104","56","647.78","1","2025-08-30 10:17:23","true"
"1105","2","9285.98","18","2023-11-18 02:33:57","true"
"1106","93","8502.73","13","2024-06-07 21:03:09","false"
"1107","68","8342.00","16","2024-05-07 21:31:20","false"
"1108","63","669.00","5","2025-12-08 16:46:34","true"
"1109","20","4553.72","8","2022-01-05 04:02:29","true"
"1110","83","6538.98","16","2023-01-12 04:20:20","false"
"1111","45","9444.13","13","2023-08-11 01:37:12","true"
"1112","69","6799.57","21","2024-02-08 09:13:48","false"
"1113","91","7324.45","14","2021-03-24 23:02:15","true"
"1114","44","7722.94","17","2022-08-26 00:46:58","false"
"1115","34","7985.87","19","2020-05-29 14:32:55","true"
"1116","53","3013.05","14","2023-02-01 03:20:43","false"
"1117","68","8491.81","13","2020-06-22 02:51:20","true"
"1118","5","5491.15","10","2022-02-09 15:06:48","false"
"1119","39","4258.25","10","2022-03-19 20:05:30","true"
"1120","96","5807.41","11","2024-05-23 21:05:54","true"
"1121","91","2936.59","14","2022-05-05 04:03:11","true"
"1122","42","10626.74","17","2022-01-13 07:12:37","true"
"1123","46","914.32","2","2021-03-11 23:13:33","true"
"1124","16","7031.92","13","2024-06-30 14:32:12","true"
"1125","4","3174.71","10","2024-10-19 20:36:44","true"
"1126","40","5953.94","10","2021-01-02 15:22:13","true"
"1127","40","3574.11","5","2022-06-08 08:17:20","true"
"1128","55","5085.05","9","2021-12-24 15:28:56","true"
"1129","43","10642.40","17","2023-01-14 02:33:39","false"
"1130","36","6000.82","10","2020-01-27 02:29:08","false"
"1131","37","6552.20","12","2025-06-01 00:28:11","false"
"1132","22","1731.59","3","2020-08-20 19:28:22","true"
"1133","32","3605.50","5","2023-03-10 10:52:17","false"
"1134","1","10072.40","15","2021-06-06 13:34:26","false"
"1135","44","5246.44","13","2025-03-29 00:35:20","false"
"1136","8","1332.44","4","2021-01-01 08:12:28","true"
"1137","74","6165.91","11","2023-03-10 06:41:00","true"
"1138","13","7930.51","12","2021-06-21 11:58:26","true"
"1139","92","6946.05","11","2024-04-10 15:26:07","true"
"1140","86","4093.97","11","2024-01-19 14:03:01","false"
"1141","20","30.68","2","2021-05-13 01:12:49","true"
"1142","9","6805.87","15","2023-07-25 10:23:00","false"
"1143","29","2328.59","7","2023-02-10 23:22:56","true"
"1144","94","5104.50","11","2025-05-24 00:19:54","true"
"1145","69","4600.70","9","2022-05-24 21:07:52","true"
"1146","45","2889.30","6","2022-05-02 04:11:10","true"
"1147","81","4648.77","11","2023-01-15 09:37:15","true"
"1148","36","5050.89","6","2024-06-02 13:25:12","true"
"1149","60","1176.12","7","2021-11-16 02:50:29","false"
"1150","69","4799.79","15","2026-03-05 09:09:20","false"
"1151","55","10477.32","16","2020-09-10 04:34:09","true"
"1152","60","5351.38","9","2025-11-21 05:55:12","true"
"1153","84","7723.82","8","2020-04-26 21:30:43","false"
"1154","18","1559.55","7","2025-12-10 14:41:26","true"
"1155","69","1357.10","2","2021-05-08 06:12:32","true"
"1156","32","3701.93","15","2022-03-10 07:46:35","true"
"1157","17","2764.56","8","2025-07-27 16:08:23","false"
"1158","87","4264.16","8","2022-12-08 19:36:46","false"
"1159","2","2435.32","4","2025-03-31 10:10:03","true"
"1160","24","8890.88","15","2023-10-03 15:08:37","false"
"1161","73","5502.11","14","2023-02-14 03:11:13","true"
"1162","73","3992.32","6","2020-05-17 11:11:32","true"
"1163","21","10578.82","18","2023-09-09 00:04:27","true"
"1164","27","7508.21","16","2023-11-15 05:16:03","false"
"1165","29","5445.17","8","2025-06-16 03:41:38","false"
"1166","58","1664.30","5","2024-06-07 21:43:16","true"
"1167","54","8325.07","14","2022-02-09 23:34:52","true"
"1168","33","7785.58","21","2020-08-31 01:07:38","true"
"1169","19","8352.06","18","2024-04-17 18:06:44","false"
"1170","54","4426.03","12","2022-04-12 21:54:07","false"
"1171","96","5456.94","9","2022-02-26 14:32:25","true"
"1172","82","4791.59","8","2020-11-02 11:13:42","true"
"1173","28","237.83","1","2026-01-21 02:00:06","false"
"1174","45","1013.10","2","2022-09-16 23:35:11","true"
"1175","18","3783.05","8","2021-12-21 03:33:04","false"
"1176","17","1519.38","5","2023-06-27 23:58:03","false"
"1177","61","3820.98","9","2023-09-25 22:04:40","false"
"1178","98","3513.56","15","2024-09-30 19:36:11","false"
"1179","25","5688.58","12","2025-01-30 20:08:52","false"
"1180","92","5965.44","10","2022-01-22 15:36:06","false"
"1181","55","1817.79","6","2024-12-04 21:17:36","true"
"1182","66","3237.83","10","2023-08-05 18:55:44","true"
"1183","25","9891.12","21","2026-01-27 22:04:40","false"
"1184","9","3365.20","16","2022-06-01 13:12:50","false"
"1185","25","5196.04","8","2020-03-11 01:45:56","false"
"1186","77","1862.66","2","2021-08-24 19:31:03","true"
"1187","48","3672.19","5","2020-11-29 21:38:47","false"
"1188","23","2725.44","4","2022-04-18 00:31:26","false"
"1189","40","4156.85","7","2025-02-23 20:21:09","false"
"1190","77","6288.93","16","2026-02-10 16:29:06","false"
"1191","6","3572.60","9","2022-05-15 03:19:50","true"
"1192","82","2746.91","5","2025-06-21 21:02:37","false"
"1193","55","3434.26","6","2020-01-17 15:28:09","true"
"1194","86","8779.72","16","2024-12-20 04:10:04","true"
"1195","9","2213.50","5","2023-01-21 16:32:54","true"
"1196","29","10605.43","15","2021-07-14 17:59:11","false"
"1197","61","67.88","4","2024-04-20 00:43:05","true"
"1198","8","7494.03","17","2024-08-07 10:02:55","false"
"1199","65","8227.32","12","2025-12-26 20:25:16","true"
"1200","54","6491.29","10","2021-09-06 20:54:19","true"
"1201","14","1755.91","3","2020-02-05 22:37:15","false"
"1202","54","2258.22","5","2025-06-19 21:22:51","true"
"1203","74","4816.00","10","2025-12-14 11:00:40","true"
"1204","6","6079.36","9","2025-11-27 03:31:45","false"
"1205","37","2543.84","5","2026-04-07 14:25:30","true"
"1206","49","5332.70","8","2025-11-26 12:03:26","true"
"1207","82","4530.16","10","2024-07-23 08:03:29","false"
"1208","42","3563.44","9","2025-09-01 15:42:08","false"
"1209","1","10976.59","20","2020-12-06 04:16:38","false"
"1210","77","15081.03","20","2021-11-08 20:21:21","true"
"1211","9","5841.96","10","2024-11-01 01:13:45","true"
"1212","60","3500.56","8","2022-07-22 05:37:33","false"
"1213","48","5116.92","8","2020-01-22 05:01:14","true"
"1214","68","5727.81","11","2021-08-23 05:12:58","false"
"1215","28","7604.33","12","2023-06-30 07:33:33","false"
"1216","93","5326.25","11","2022-06-19 10:52:45","false"
"1217","69","11058.47","19","2025-07-10 09:46:52","true"
"1218","56","8254.46","11","2023-03-26 00:31:47","false"
"1219","57","4438.72","12","2020-12-10 13:32:15","true"
"1220","2","7027.41","14","2023-08-07 14:48:22","false"
"1221","4","11021.06","17","2024-09-03 19:44:07","true"
"1222","27","10119.76","15","2025-10-28 05:53:55","true"
"1223","17","3174.92","12","2023-07-07 03:37:59","false"
"1224","29","12351.53","20","2025-12-29 18:24:37","false"
"1225","22","1794.48","6","2025-10-21 22:34:14","true"
"1226","49","8742.09","11","2022-08-30 08:53:35","true"
"1227","7","347.40","1","2025-08-16 11:35:41","true"
"1228","42","500.84","2","2021-04-08 16:38:35","true"
"1229","34","4086.50","5","2025-01-24 17:49:25","true"
"1230","25","3473.55","11","2022-11-11 19:28:36","false"
"1231","12","8384.74","16","2025-04-01 23:23:10","false"
"1232","4","5871.34","13","2023-12-23 00:16:43","true"
"1233","93","5081.21","8","2024-10-31 04:25:25","true"
"1234","82","1094.64","4","2024-10-26 08:34:33","true"
"1235","34","8357.99","14","2023-09-04 13:09:36","false"
"1236","42","6877.75","17","2025-03-31 15:31:22","true"
"1237","98","7130.85","10","2021-02-09 04:06:40","true"
"1238","73","3396.48","10","2025-01-03 15:01:49","false"
"1239","32","4792.22","16","2024-12-10 10:50:55","true"
"1240","68","1551.62","2","2022-06-21 20:13:56","true"
"1241","76","600.05","5","2024-12-02 22:21:51","true"
"1242","10","2599.92","4","2023-02-04 00:45:43","true"
"1243","21","4819.29","8","2023-02-07 01:11:17","true"
"1244","80","7095.98","14","2021-02-10 01:22:07","false"
"1245","38","2812.16","4","2022-08-10 08:00:39","true"
"1246","19","957.92","2","2025-02-13 11:19:07","true"
"1247","36","6073.97","10","2022-04-17 13:16:55","true"
"1248","67","1407.78","2","2025-03-12 06:44:16","true"
"1249","4","4120.60","10","2022-01-20 21:41:13","true"
"1250","83","1139.19","7","2023-09-15 16:24:41","true"
"1251","50","4964.43","10","2024-11-09 10:30:33","false"
"1252","82","3190.44","10","2023-04-10 17:04:32","false"
"1253","57","2229.81","3","2024-12-21 07:21:32","true"
"1254","0","7063.06","16","2024-02-14 21:16:39","true"
"1255","5","2288.29","5","2020-04-05 07:41:35","true"
"1256","63","4095.52","9","2021-03-11 09:33:16","false"
"1257","8","8116.40","16","2024-11-02 13:15:03","false"
"1258","71","5446.72","9","2023-07-15 10:38:41","true"
"1259","42","8805.25","16","2024-03-01 09:35:11","false"
"1260","79","5342.88","7","2025-09-28 03:44:00","true"
"1261","70","9612.85","25","2025-10-06 09:58:37","true"
"1262","64","5347.58","14","2020-02-25 13:09:43","false"
"1263","31","11836.76","19","2026-01-27 10:30:32","false"
"1264","29","363.25","1","2022-10-30 15:50:25","true"
"1265","16","11539.72","19","2024-10-29 02:16:55","false"
"1266","46","8566.81","19","2022-01-17 00:42:13","false"
"1267","10","8895.28","19","2023-03-12 08:34:17","false"
"1268","4","9724.34","19","2025-08-01 08:11:10","true"
"1269","22","8508.21","15","2026-02-06 02:36:46","false"
"1270","52","2804.09","9","2020-01-06 16:26:06","true"
"1271","30","7380.89","17","2020-11-07 09:59:11","false"
"1272","88","5844.31","13","2024-06-02 01:22:24","false"
"1273","30","10325.93","14","2025-02-22 10:09:59","false"
"1274","26","4030.17","7","2020-02-05 18:09:23","false"
"1275","72","2682.40","9","2024-03-03 08:38:57","true"
"1276","26","5093.81","13","2021-12-06 22:20:11","false"
"1277","55","8747.66","21","2024-04-30 07:33:07","false"
"1278","47","3379.03","7","2023-10-14 01:23:11","false"
"1279","32","581.15","3","2022-04-17 23:11:33","true"
"1280","6","12921.53","23","2021-06-04 13:09:28","true"
"1281","19","3373.82","8","2022-05-19 18:35:30","false"
"1282","22","3616.33","7","2022-05-11 12:18:49","true"
"1283","9","6013.17","7","2025-04-18 22:11:58","true"
"1284","57","8581.85","19","2026-03-13 11:04:29","false"
"1285","58","2507.58","6","2020-04-30 10:45:50","false"
"1286","50","8275.91","13","2023-10-04 00:00:02","true"
"1287","83","2378.71","7","2022-05-17 02:06:48","true"
"1288","2","4451.94","15","2022-11-15 13:58:52","false"
"1289","16","2381.28","6","2023-08-12 20:00:08","false"
"1290","84","4716.45","5","2021-10-11 08:14:01","false"
"1291","22","487.18","2","2021-04-09 23:47:03","false"
"1292","9","851.98","1","2022-06-16 05:58:05","true"
"1293","63","10000.90","17","2025-11-21 21:45:17","false"
"1294","83","1707.86","2","2020-12-11 02:27:15","true"
"1295","40","2890.80","4","2021-03-21 13:39:17","true"
"1296","48","1747.21","2","2021-02-08 03:50:21","true"
"1297","94","1521.90","6","2023-10-19 19:47:42","true"
"1298","77","12025.48","20","2021-07-04 06:11:55","false"
"1299","1","2517.20","13","2020-07-18 22:45:04","true"
"1300","23","1987.08","4","2020-11-15 00:32:13","false"
"1301","97","833.58","3","2026-04-09 03:48:08","false"
"1302","29","4272.89","9","2024-11-07 11:52:50","false"
"1303","8","3731.08","6","2020-01-10 18:06:56","false"
"1304","13","9543.39","17","2022-10-15 19:35:38","true"
"1305","76","4131.14","6","2022-11-13 10:07:25","false"
"1306","66","5718.09","7","2024-09-06 18:59:53","true"
"1307","94","3506.92","4","2022-01-27 16:51:11","false"
"1308","14","1214.20","8","2023-04-24 02:35:11","false"
"1309","13","4368.10","7","2022-01-19 15:19:18","false"
"1310","82","6007.04","11","2022-02-28 04:14:43","false"
"1311","94","3018.04","5","2026-03-30 18:46:40","true"
"1312","68","5555.53","12","2021-12-09 09:02:38","false"
"1313","27","1645.99","5","2026-04-11 09:17:46","false"
"1314","53","1017.52","4","2025-04-09 03:40:30","true"
"1315","31","4911.50","22","2024-09-03 09:56:31","true"
"1316","49","4749.43","6","2023-01-25 18:48:35","true"
"1317","85","12320.40","20","2023-11-09 02:34:38","false"
"1318","12","6874.21","12","2022-01-16 03:21:51","false"
"1319","83","1956.32","2","2025-03-27 13:47:04","true"
"1320","67","3801.17","12","2025-04-11 08:05:52","false"
"1321","17","4080.49","19","2024-02-28 08:00:51","true"
"1322","95","9505.70","24","2022-12-11 22:53:08","true"
"1323","15","11430.39","19","2021-06-07 05:32:07","true"
"1324","74","1583.16","7","2025-01-27 19:01:45","true"
"1325","80","10313.22","17","2022-03-16 15:07:03","false"
"1326","41","302.95","5","2023-07-06 03:52:32","true"
"1327","78","2128.29","3","2020-11-14 20:13:45","true"
"1328","27","5921.86","10","2020-03-19 22:52:52","true"
"1329","56","6398.85","13","2020-04-29 00:20:39","true"
"1330","77","3197.50","4","2024-03-21 12:58:17","true"
"1331","78","1653.82","2","2026-02-11 22:50:44","false"
"1332","87","1073.08","2","2022-04-13 15:23:10","false"
"1333","0","6079.28","10","2023-03-28 22:36:16","false"
"1334","44","1842.91","6","2021-06-05 22:28:58","true"
"1335","85","2157.78","4","2021-06-15 11:58:56","false"
"1336","6","6497.35","12","2021-08-03 04:49:31","true"
"1337","13","5749.73","15","2023-12-01 00:36:51","true"
"1338","82","4720.58","11","2023-01-23 10:24:13","false"
"1339","38","7858.28","12","2022-08-13 16:17:15","false"
"1340","31","8084.07","14","2024-04-23 20:31:47","false"
"1341","81","15366.12","20","2021-03-15 07:35:43","true"
"1342","54","18105.89","27","2022-01-21 16:39:26","true"
"1343","70","9989.82","14","2024-11-04 01:10:45","true"
"1344","47","5188.71","15","2026-03-21 09:13:49","false"
"1345","35","6579.96","19","2021-06-21 13:14:28","false"
"1346","63","4944.04","9","2021-10-01 06:32:56","false"
"1347","95","3167.04","5","2023-10-24 10:35:04","true"
"1348","7","10923.87","16","2020-01-27 01:28:43","true"
"1349","97","11344.61","16","2022-04-09 18:53:50","false"
"1350","83","6887.40","16","2025-05-27 01:48:53","false"
"1351","20","8063.74","17","2026-01-25 19:51:06","false"
"1352","51","13390.22","22","2023-11-06 09:19:05","false"
"1353","14","7283.74","13","2022-12-07 13:18:44","true"
"1354","18","3716.30","10","2025-03-26 17:58:55","false"
"1355","5","2039.80","4","2023-05-29 22:24:34","true"
"1356","53","7853.27","12","2023-01-19 05:17:07","true"
"1357","23","3613.19","11","2024-07-11 02:09:32","true"
"1358","28","4338.84","8","2022-11-09 06:55:11","true"
"1359","75","1411.58","9","2021-11-23 20:52:41","true"
"1360","88","3128.19","6","2024-03-15 11:36:55","true"
"1361","12","14173.93","23","2025-03-12 22:21:12","true"
"1362","43","6474.43","13","2026-02-12 20:08:08","false"
"1363","32","4162.34","15","2020-09-22 09:52:21","false"
"1364","12","6733.24","12","2020-07-16 13:12:01","true"
"1365","55","872.42","2","2023-10-11 13:01:52","true"
"1366","56","8139.72","12","2024-03-23 09:10:43","false"
"1367","83","930.67","7","2020-04-02 15:29:12","true"
"1368","5","9975.58","13","2024-12-20 17:15:03","true"
"1369","27","3799.12","4","2023-11-28 15:49:05","true"
"1370","29","5118.88","19","2022-03-18 11:19:54","false"
"1371","54","654.54","3","2023-03-14 20:43:45","true"
"1372","3","5434.17","9","2026-01-06 02:04:44","false"
"1373","54","619.02","2","2023-02-13 09:44:22","false"
"1374","77","3830.88","11","2026-02-07 06:24:19","false"
"1375","97","3406.12","8","2024-02-11 07:01:57","true"
"1376","36","7804.50","15","2022-05-09 09:13:41","false"
"1377","35","4340.18","13","2025-01-04 11:25:25","true"
"1378","52","5427.30","11","2025-07-06 03:44:22","false"
"1379","28","2844.96","6","2024-10-31 03:01:32","false"
"1380","88","8495.76","9","2021-09-17 11:41:53","false"
"1381","22","1633.76","4","2024-03-17 07:54:44","true"
"1382","95","8056.05","18","2023-02-15 06:12:55","false"
"1383","45","5092.39","11","2021-09-14 02:42:00","true"
"1384","58","5618.56","7","2022-04-09 16:57:59","true"
"1385","10","4072.05","7","2023-12-21 04:41:34","false"
"1386","54","6377.38","10","2020-12-28 04:56:51","false"
"1387","77","5646.89","11","2021-02-19 09:51:39","false"
"1388","45","822.90","3","2025-08-22 20:17:22","true"
"1389","51","6638.46","12","2020-04-13 06:14:08","false"
"1390","11","4477.30","14","2025-08-19 05:28:48","true"
"1391","12","11033.66","16","2023-03-30 21:03:28","false"
"1392","8","3909.48","11","2020-04-09 20:10:37","false"
"1393","48","7759.20","20","2022-06-15 03:05:54","false"
"1394","59","5075.97","10","2025-07-29 04:18:14","false"
"1395","96","582.51","1","2025-04-26 19:10:15","true"
"1396","91","6713.06","16","2022-06-13 04:48:44","true"
"1397","63","1398.69","3","2021-10-01 12:04:55","false"
"1398","38","1097.57","5","2023-09-21 23:10:46","true"
"1399","50","3980.95","14","2022-07-11 10:47:16","false"
"1400","1","5676.71","12","2022-02-19 10:16:02","false"
"1401","40","8211.54","13","2022-10-20 05:42:46","true"
"1402","14","502.19","7","2024-04-26 07:33:21","true"
"1403","70","9084.93","16","2020-09-05 12:14:59","true"
"1404","73","6405.34","9","2021-12-25 10:22:37","true"
"1405","25","4457.55","6","2026-03-15 17:05:18","false"
"1406","33","859.86","3","2024-03-04 10:52:19","false"
"1407","82","5298.34","10","2025-04-08 13:38:08","false"
"1408","95","6878.70","9","2025-11-15 04:17:30","false"
"1409","37","6056.51","8","2020-11-08 19:15:46","false"
"1410","19","4035.73","16","2021-06-05 23:11:22","false"
"1411","96","3677.32","10","2021-04-28 02:42:01","true"
"1412","51","1969.30","7","2026-02-09 18:30:11","false"
"1413","42","2392.11","3","2021-09-01 10:38:42","true"
"1414","96","5205.22","10","2021-03-03 12:14:54","false"
"1415","52","3703.21","7","2021-08-16 20:25:56","false"
"1416","3","2478.76","4","2026-01-30 01:56:23","true"
"1417","95","6678.88","22","2023-05-02 15:30:06","true"
"1418","99","2787.50","5","2021-07-24 12:36:51","true"
"1419","21","12292.17","20","2025-10-17 19:00:00","false"
"1420","7","3498.86","10","2021-07-28 04:02:10","true"
"1421","2","10737.02","16","2023-09-29 13:32:32","false"
"1422","12","1933.16","2","2021-04-05 02:02:58","true"
"1423","90","4426.08","6","2026-02-09 18:58:47","false"
"1424","14","7707.06","25","2024-11-09 11:24:04","false"
"1425","72","379.54","1","2022-01-27 00:56:53","false"
"1426","40","10519.16","18","2020-10-25 00:44:43","false"
"1427","36","4758.16","9","2020-03-01 21:54:30","true"
"1428","18","244.04","1","2026-01-02 16:53:45","true"
"1429","53","5608.25","10","2024-04-02 18:41:04","true"
"1430","18","14103.50","20","2020-07-25 07:53:13","true"
"1431","95","1499.44","3","2021-06-03 17:57:43","true"
"1432","66","4252.98","14","2021-02-14 16:41:40","true"
"1433","42","7214.75","16","2022-11-20 14:02:23","false"
"1434","76","320.28","3","2025-03-13 05:58:40","true"
"1435","70","1710.52","4","2021-04-17 22:49:49","false"
"1436","57","6565.20","8","2025-06-26 19:43:39","false"
"1437","46","1527.03","3","2023-07-19 20:35:20","true"
"1438","42","13417.04","21","2024-05-07 19:12:27","true"
"1439","95","13158.41","22","2022-07-30 02:13:45","false"
"1440","71","4226.28","5","2024-08-12 07:11:38","false"
"1441","75","5531.11","12","2020-04-10 17:27:23","false"
"1442","4","4346.50","7","2022-06-07 07:06:06","true"
"1443","62","8333.25","19","2022-05-28 21:30:12","true"
"1444","7","2814.05","7","2022-04-16 02:38:20","false"
"1445","16","679.56","2","2024-05-15 04:30:17","false"
"1446","1","9708.89","19","2023-01-17 19:42:48","true"
"1447","13","1310.91","3","2021-11-02 03:53:03","true"
"1448","32","7998.75","14","2020-06-01 12:07:36","true"
"1449","70","3878.45","9","2023-12-19 04:16:40","true"
"1450","3","4899.77","9","2024-05-19 02:22:27","false"
"1451","4","6835.94","9","2022-03-05 14:02:32","true"
"1452","27","282.12","3","2023-10-19 07:23:56","true"
"1453","44","6757.26","14","2023-07-08 23:22:15","true"
"1454","83","522.92","1","2022-10-04 07:24:17","true"
"1455","64","1301.40","5","2024-03-26 23:25:37","false"
"1456","68","8420.22","12","2021-11-26 14:49:47","false"
"1457","24","6274.81","15","2025-09-16 10:17:02","true"
"1458","79","5793.13","11","2025-02-18 03:09:14","true"
"1459","19","8938.18","19","2025-05-07 10:30:37","false"
"1460","84","588.97","1","2020-08-31 20:37:03","true"
"1461","72","7919.61","15","2025-08-03 12:42:49","false"
"1462","57","2881.63","8","2024-02-26 05:21:20","true"
"1463","97","3072.57","5","2021-03-25 22:01:30","true"
"1464","16","2449.04","4","2022-03-18 20:17:18","true"
"1465","20","52.52","2","2021-03-07 17:53:09","true"
"1466","7","2736.18","8","2022-12-16 03:46:11","false"
"1467","30","1134.15","5","2024-11-03 01:44:16","true"
"1468","54","5059.57","9","2020-10-03 10:13:56","false"
"1469","5","8521.89","15","2025-11-22 09:19:13","false"
"1470","96","4382.18","10","2025-12-14 10:27:01","false"
"1471","26","6185.43","12","2020-02-18 02:21:54","false"
"1472","40","6736.31","12","2023-10-25 00:58:24","false"
"1473","18","4911.06","13","2025-10-07 17:51:19","false"
"1474","73","4472.52","9","2024-06-02 16:03:38","true"
"1475","79","3467.93","7","2026-01-04 09:55:23","true"
"1476","76","5650.32","8","2022-10-18 16:55:45","false"
"1477","63","10816.93","17","2025-03-15 15:21:23","true"
"1478","75","6401.00","13","2022-01-24 23:47:46","true"
"1479","93","6813.38","11","2022-06-17 11:22:13","true"
"1480","54","3400.28","7","2025-10-12 13:52:00","true"
"1481","6","3265.18","10","2024-09-23 17:28:28","false"
"1482","27","5062.74","7","2020-01-20 08:13:22","true"
"1483","20","8907.81","18","2025-05-20 04:27:55","false"
"1484","47","7562.27","18","2023-05-05 14:41:11","false"
"1485","88","12318.19","18","2025-10-21 01:04:10","false"
"1486","62","8297.96","15","2021-09-19 18:15:57","false"
"1487","12","6754.23","11","2023-01-27 01:37:48","true"
"1488","14","1965.97","3","2021-01-30 15:12:29","true"
"1489","18","876.89","5","2021-11-01 17:16:54","true"
"1490","64","4924.05","5","2025-04-14 12:15:01","true"
"1491","70","6388.99","18","2024-09-21 09:16:30","true"
"1492","16","5167.19","13","2020-10-25 10:36:37","false"
"1493","83","342.11","6","2025-01-11 16:03:40","true"
"1494","88","2277.39","3","2020-12-13 02:25:57","true"
"1495","86","340.15","5","2022-08-01 22:35:09","true"
"1496","33","654.72","6","2021-12-22 03:25:08","false"
"1497","88","8212.18","16","2023-09-25 18:21:21","true"
"1498","11","1173.63","3","2020-09-11 03:27:01","false"
"1499","46","4254.61","9","2022-09-02 09:32:34","true"
"1500","74","3598.51","7","2024-08-29 00:59:41","false"
"1501","92","11751.24","17","2022-07-31 06:37:33","false"
"1502","59","2976.24","8","2020-01-02 11:37:58","false"
"1503","47","2963.95","5","2025-02-20 07:33:29","true"
"1504","11","9051.37","13","2021-08-13 06:20:23","false"
"1505","51","1720.12","2","2022-10-03 19:19:49","true"
"1506","55","4762.71","13","2021-04-21 15:09:07","true"
"1507","92","313.75","5","2021-01-24 00:58:38","true"
"1508","78","10757.00","22","2022-04-28 20:25:25","false"
"1509","6","3938.12","10","2022-08-24 23:02:14","false"
"1510","13","8645.50","18","2021-04-07 17:34:46","true"
"1511","20","3810.67","13","2021-09-21 05:11:06","true"
"1512","14","5783.88","13","2023-11-07 15:26:43","false"
"1513","67","7465.18","10","2024-06-17 22:58:36","false"
"1514","13","1011.33","2","2025-08-14 06:23:56","true"
"1515","17","3670.75","5","2022-04-12 17:42:11","true"
"1516","43","2692.51","12","2026-01-23 06:55:27","false"
"1517","48","1851.15","3","2021-06-27 17:13:29","true"
"1518","81","9546.87","19","2020-07-13 03:57:03","false"
"1519","48","3390.63","7","2024-05-10 04:47:43","true"
"1520","39","5630.77","16","2022-09-17 11:15:21","true"
"1521","28","4707.25","12","2024-05-11 06:35:20","false"
"1522","34","8657.22","16","2022-06-22 15:25:22","true"
"1523","12","1960.43","9","2020-07-30 22:56:53","true"
"1524","24","5484.94","13","2022-01-02 12:31:10","false"
"1525","47","6379.16","11","2020-10-16 03:06:06","false"
"1526","35","7592.78","13","2020-06-02 14:55:21","true"
"1527","34","6377.88","9","2022-04-10 11:12:40","false"
"1528","76","5686.66","9","2022-07-17 00:44:17","false"
"1529","40","4382.44","6","2023-01-13 15:56:02","false"
"1530","35","3873.90","7","2021-04-16 22:05:39","false"
"1531","85","6787.56","12","2022-04-27 23:54:50","true"
"1532","64","3163.18","7","2023-03-10 00:59:28","true"
"1533","44","1176.50","5","2026-04-12 12:34:17","false"
"1534","82","4744.96","7","2022-01-19 01:08:46","false"
"1535","7","2518.80","3","2021-03-10 04:29:38","true"
"1536","67","428.88","6","2020-02-07 15:57:21","true"
"1537","59","8777.97","18","2024-12-31 06:41:29","false"
"1538","86","5557.62","7","2024-05-03 13:37:26","false"
"1539","76","4218.88","10","2022-11-29 20:45:20","true"
"1540","73","3107.27","7","2022-08-23 14:45:14","true"
"1541","91","11465.08","17","2021-03-01 00:53:09","true"
"1542","86","1021.78","2","2021-12-12 22:11:18","true"
"1543","92","36.95","5","2020-03-23 00:29:20","false"
"1544","74","8836.15","17","2022-04-09 06:52:36","false"
"1545","98","1801.86","6","2020-06-03 17:52:55","true"
"1546","27","2660.26","8","2020-10-07 13:39:30","true"
"1547","49","2119.52","4","2024-03-13 23:03:30","true"
"1548","34","12984.33","25","2023-01-06 02:18:26","false"
"1549","24","12530.97","20","2025-12-02 18:50:17","false"
"1550","12","2397.64","10","2025-11-12 18:07:40","false"
"1551","21","1611.64","4","2024-11-08 07:14:28","true"
"1552","70","4579.82","11","2024-09-19 12:04:09","true"
"1553","80","7951.97","17","2021-03-09 15:25:45","false"
"1554","75","3301.12","5","2023-06-11 04:11:30","true"
"1555","52","3078.54","5","2024-08-17 15:37:36","true"
"1556","20","2480.61","3","2020-09-12 14:33:10","true"
"1557","38","5905.38","13","2020-01-02 17:33:41","true"
"1558","59","7238.46","15","2024-07-10 12:51:19","false"
"1559","77","1533.09","3","2024-12-03 12:18:20","false"
"1560","85","835.70","5","2021-12-17 22:35:09","true"
"1561","47","11179.37","21","2020-04-28 17:28:33","true"
"1562","10","8920.52","16","2025-01-01 07:32:04","true"
"1563","81","10107.01","18","2025-06-05 01:40:57","true"
"1564","18","4480.46","18","2021-10-24 05:49:00","false"
"1565","34","9974.88","22","2022-03-23 09:34:02","true"
"1566","98","2472.06","5","2021-10-20 17:23:03","true"
"1567","73","10235.65","15","2021-11-16 11:17:07","false"
"1568","63","10717.06","17","2021-01-24 13:11:26","false"
"1569","54","11292.47","19","2025-04-24 21:07:43","false"
"1570","74","8024.89","22","2023-02-07 22:39:57","true"
"1571","3","6468.20","12","2025-11-02 23:34:17","true"
"1572","73","3505.04","9","2024-04-25 05:26:31","false"
"1573","47","5750.20","12","2024-01-29 00:32:57","true"
"1574","9","6019.74","16","2024-05-26 05:10:49","true"
"1575","9","1755.08","2","2025-09-14 01:00:50","true"
"1576","97","4354.45","17","2021-11-27 21:39:07","true"
"1577","30","5087.33","7","2024-10-21 20:00:24","true"
"1578","29","6941.02","13","2020-08-22 20:20:43","true"
"1579","36","3482.33","9","2025-12-25 20:03:47","false"
"1580","70","916.58","9","2021-11-28 21:24:27","true"
"1581","71","5170.49","14","2022-02-04 09:19:17","true"
"1582","45","3326.94","5","2024-06-12 04:59:45","true"
"1583","99","15089.98","20","2024-02-03 05:20:15","false"
"1584","25","10558.78","12","2023-11-11 01:43:09","false"
"1585","29","5055.09","12","2025-01-11 22:39:29","true"
"1586","99","4905.14","11","2020-07-23 23:08:28","false"
"1587","17","2420.76","8","2022-08-26 14:04:48","true"
"1588","43","12331.82","20","2020-07-08 01:48:14","true"
"1589","70","8590.69","21","2024-03-26 12:17:03","false"
"1590","20","1315.74","5","2022-08-27 21:13:11","true"
"1591","35","1821.48","6","2021-02-20 08:31:04","false"
"1592","34","10455.16","16","2022-02-05 17:38:06","true"
"1593","3","3843.02","18","2022-01-27 17:05:32","false"
"1594","35","3377.15","7","2024-08-02 00:01:17","true"
"1595","69","758.27","2","2020-10-02 16:33:56","true"
"1596","4","7224.41","14","2025-09-05 18:31:22","false"
"1597","48","2588.26","11","2023-01-20 07:43:06","false"
"1598","35","5555.12","12","2022-07-24 20:52:26","true"
"1599","21","804.50","2","2022-04-17 11:15:56","true"
"1600","64","3000.31","16","2022-09-22 08:46:04","true"
"1601","84","1475.32","2","2022-07-24 08:13:04","true"
"1602","81","2481.99","3","2022-04-17 16:24:44","true"
"1603","1","3857.27","9","2025-04-04 18:02:08","true"
"1604","26","3658.92","7","2020-09-06 22:09:27","true"
"1605","78","3394.61","11","2024-03-21 18:01:21","true"
"1606","79","4680.08","5","2020-10-17 21:47:29","true"
"1607","65","9743.88","17","2021-10-04 22:47:59","true"
"1608","17","974.68","4","2024-11-20 20:44:02","true"
"1609","17","3655.41","9","2021-08-01 03:04:07","true"
"1610","35","1981.42","2","2020-01-25 10:26:38","true"
"1611","79","2343.52","8","2021-09-15 19:33:18","true"
"1612","3","4538.93","10","2025-08-10 13:48:51","false"
"1613","32","3109.14","7","2021-01-19 13:41:57","false"
"1614","21","3423.05","5","2024-06-22 16:54:32","true"
"1615","5","3183.34","7","2022-10-08 18:21:07","false"
"1616","69","1593.66","4","2023-06-01 16:05:01","true"
"1617","83","4156.76","17","2023-07-24 05:05:53","false"
"1618","52","7786.40","16","2024-10-13 01:49:36","true"
"1619","33","2168.69","4","2023-06-04 23:56:05","true"
"1620","31","6830.47","17","2020-06-23 22:08:39","true"
"1621","90","5202.03","7","2020-04-30 02:15:46","true"
"1622","9","5878.98","16","2025-12-19 06:14:28","false"
"1623","86","1689.83","3","2021-08-02 03:29:50","true"
"1624","98","7503.14","23","2024-04-02 08:33:25","false"
"1625","64","4511.50","14","2025-05-30 07:51:18","true"
"1626","70","8726.05","15","2025-07-24 02:03:16","false"
"1627","45","2047.70","14","2025-08-25 10:09:31","true"
"1628","89","4966.25","13","2025-03-29 03:57:52","true"
"1629","4","6835.14","13","2023-08-05 23:19:34","true"
"1630","74","4920.10","9","2021-12-13 21:54:49","false"
"1631","8","4582.35","14","2025-05-25 08:57:04","false"
"1632","99","5220.36","11","2021-05-21 17:30:55","false"
"1633","41","10800.40","15","2024-04-28 23:30:15","false"
"1634","99","1860.65","5","2026-01-15 11:39:37","true"
"1635","61","4092.89","8","2023-02-24 12:46:09","true"
"1636","41","1535.58","2","2026-04-06 08:19:57","true"
"1637","89","7517.55","18","2024-08-04 17:46:55","false"
"1638","3","5737.23","9","2025-06-19 23:50:24","true"
"1639","2","3457.79","8","2023-07-19 15:46:33","true"
"1640","35","13184.68","20","2023-07-19 18:43:43","true"
"1641","41","7706.72","20","2020-07-26 16:50:21","true"
"1642","69","5374.93","11","2022-01-16 02:15:23","false"
"1643","98","2909.97","6","2024-09-14 12:40:58","false"
"1644","61","8916.06","15","2020-05-18 18:14:46","false"
"1645","10","935.93","1","2024-06-16 18:15:20","true"
"1646","45","920.89","4","2025-12-21 16:57:53","false"
"1647","32","3615.31","6","2022-11-13 10:53:28","true"
"1648","67","10077.43","15","2026-02-15 23:54:15","false"
"1649","79","10844.95","15","2025-06-02 13:05:37","false"
"1650","18","1176.97","5","2024-07-06 01:00:32","false"
"1651","72","5265.91","13","2024-08-31 18:44:37","true"
"1652","36","5099.65","8","2020-08-16 00:00:40","false"
"1653","95","1488.20","4","2024-02-23 03:23:17","true"
"1654","17","9542.89","21","2021-05-05 04:15:58","true"
"1655","53","6083.33","13","2023-06-08 13:22:41","false"
"1656","66","2774.13","6","2020-09-15 11:20:17","true"
"1657","70","2031.68","11","2020-12-24 02:31:32","true"
"1658","42","2054.22","3","2022-06-22 18:55:51","true"
"1659","14","2910.64","4","2022-07-30 22:26:07","true"
"1660","91","2817.51","3","2023-03-29 00:16:27","true"
"1661","63","5266.06","12","2024-05-10 20:07:04","false"
"1662","20","6247.08","11","2020-09-23 17:42:43","true"
"1663","58","6183.31","14","2023-11-29 12:50:19","true"
"1664","79","7982.71","17","2024-02-09 10:36:13","false"
"1665","11","2381.80","9","2022-08-26 11:45:23","true"
"1666","36","3315.73","10","2026-02-16 09:06:11","false"
"1667","93","8115.67","11","2020-06-19 06:08:14","true"
"1668","81","664.54","1","2022-03-15 06:07:24","false"
"1669","57","4704.18","8","2021-01-02 10:23:19","true"
"1670","74","8162.57","14","2022-01-11 10:30:44","true"
"1671","37","6635.06","9","2023-01-31 06:55:11","false"
"1672","17","8044.17","14","2022-07-06 23:49:23","true"
"1673","78","1093.12","2","2020-08-21 17:46:18","true"
"1674","80","5602.02","15","2023-07-08 23:11:46","true"
"1675","44","7292.56","13","2022-12-19 21:05:54","true"
"1676","41","1674.74","4","2024-04-14 15:45:02","false"
"1677","71","6558.54","14","2022-02-05 22:41:44","true"
"1678","10","4747.23","10","2025-08-25 23:40:29","false"
"1679","73","2719.20","5","2022-03-30 18:09:11","true"
"1680","92","3904.80","8","2020-04-03 12:09:25","true"
"1681","72","5107.62","10","2025-05-25 04:54:31","true"
"1682","20","4191.78","12","2024-11-28 02:40:19","true"
"1683","68","1279.15","3","2025-12-23 21:16:11","true"
"1684","15","6996.05","12","2026-03-14 09:41:14","false"
"1685","37","6175.13","11","2026-01-09 01:10:06","false"
"1686","93","8852.72","21","2024-09-28 06:08:11","false"
"1687","49","3495.13","7","2023-02-22 02:45:31","true"
"1688","98","3835.69","9","2024-06-14 15:01:45","false"
"1689","57","10885.20","20","2020-07-21 08:24:11","false"
"1690","41","2868.32","9","2020-10-19 01:00:52","true"
"1691","95","2867.89","12","2024-02-19 12:20:10","true"
"1692","86","8463.43","10","2021-12-04 04:05:15","false"
"1693","81","2621.42","9","2021-12-10 00:27:23","true"
"1694","43","970.39","1","2021-07-05 06:44:32","true"
"1695","58","9116.88","18","2024-11-09 11:16:18","false"
"1696","36","3323.27","13","2022-07-23 17:28:56","false"
"1697","15","2956.15","7","2025-04-13 18:47:01","true"
"1698","4","1538.30","10","2021-09-17 02:28:08","false"
"1699","65","3537.75","5","2021-05-29 07:05:42","false"
"1700","7","8902.84","20","2024-01-18 09:59:31","true"
"1701","1","5986.22","14","2020-09-30 10:15:10","true"
"1702","6","12065.36","19","2024-08-30 20:23:29","false"
"1703","10","12180.48","15","2021-08-07 08:36:16","true"
"1704","20","494.28","2","2025-11-18 00:05:09","false"
"1705","11","3672.84","7","2024-02-21 19:07:39","true"
"1706","51","4270.70","6","2023-07-30 17:00:06","true"
"1707","88","12367.64","18","2021-04-04 13:49:47","false"
"1708","37","3026.80","5","2023-09-26 02:00:47","true"
"1709","72","3346.37","6","2024-06-16 22:32:16","true"
"1710","86","453.67","1","2021-03-21 09:50:58","true"
"1711","9","11138.85","15","2020-05-26 11:21:37","true"
"1712","15","6717.16","11","2024-03-24 17:45:59","false"
"1713","45","8254.03","13","2025-11-10 08:38:45","false"
"1714","44","7463.70","11","2021-06-29 06:02:52","false"
"1715","68","9335.88","19","2023-03-28 12:20:52","true"
"1716","90","936.82","5","2023-10-16 04:13:25","true"
"1717","16","4699.02","16","2021-01-21 07:18:22","false"
"1718","62","1161.06","4","2025-06-03 16:32:33","false"
"1719","4","511.24","4","2025-08-08 01:00:06","true"
"1720","89","1907.26","7","2022-11-30 02:32:44","false"
"1721","97","1083.38","2","2022-07-31 02:38:03","true"
"1722","25","3425.45","7","2025-06-19 19:59:40","true"
"1723","81","7929.35","10","2022-06-30 21:55:17","true"
"1724","79","2517.68","4","2025-04-04 22:51:53","true"
"1725","74","10803.86","17","2020-02-05 21:51:05","false"
"1726","15","5631.62","14","2021-08-04 08:10:51","false"
"1727","12","6883.10","15","2025-08-15 00:30:21","false"
"1728","85","11530.36","18","2020-01-23 20:34:43","false"
"1729","22","2783.04","8","2021-06-12 15:54:14","true"
"1730","60","10743.24","16","2020-07-06 16:16:41","false"
"1731","76","5368.34","7","2025-03-08 14:20:39","true"
"1732","1","3608.87","5","2026-03-04 11:54:28","false"
"1733","52","6254.89","19","2026-04-05 05:04:14","false"
"1734","86","516.61","2","2024-11-04 02:56:34","true"
"1735","23","8165.99","16","2023-10-14 02:06:23","true"
"1736","35","5786.56","14","2025-09-27 08:18:28","false"
"1737","78","10287.23","19","2023-08-13 00:02:13","true"
"1738","32","4864.60","12","2022-05-30 11:28:00","false"
"1739","39","3814.89","11","2020-04-11 17:12:04","true"
"1740","46","2605.40","4","2023-02-17 08:06:17","true"
"1741","68","2349.48","10","2023-10-01 08:48:04","true"
"1742","20","2484.61","7","2025-04-14 03:03:12","true"
"1743","18","6590.70","15","2021-11-06 13:10:02","true"
"1744","95","7079.57","10","2020-01-10 04:27:30","false"
"1745","77","9285.10","19","2022-04-17 03:33:35","false"
"1746","45","4048.53","9","2025-08-23 01:40:50","true"
"1747","68","596.39","3","2025-10-22 13:20:14","true"
"1748","88","1530.66","4","2022-06-01 12:01:49","false"
"1749","16","2921.52","16","2021-01-20 05:40:43","false"
"1750","33","4715.41","10","2022-05-04 17:30:22","false"
"1751","68","12981.76","21","2025-08-29 03:21:02","false"
"1752","40","5497.98","12","2022-11-13 19:38:06","true"
"1753","52","1058.90","5","2023-10-09 20:36:59","true"
"1754","7","8582.38","16","2024-09-09 02:45:55","false"
"1755","21","2455.65","6","2026-04-10 05:23:07","false"
"1756","46","2567.19","10","2021-09-15 04:59:59","true"
"1757","83","685.26","3","2020-06-27 02:22:39","true"
"1758","50","7321.76","10","2023-08-14 05:46:43","true"
"1759","17","8555.28","13","2022-11-27 11:03:46","true"
"1760","27","7879.56","12","2022-10-31 20:51:39","true"
"1761","10","1720.62","3","2020-03-16 16:37:26","true"
"1762","18","3795.87","16","2022-08-16 01:53:59","false"
"1763","31","5727.90","10","2023-04-15 04:57:51","true"
"1764","67","11523.28","15","2022-03-10 00:56:42","false"
"1765","14","10008.99","18","2023-07-22 06:34:39","false"
"1766","0","5009.69","13","2024-05-04 19:52:48","false"
"1767","23","767.28","6","2025-08-09 01:57:55","true"
"1768","68","4746.26","19","2022-08-13 07:54:19","true"
"1769","39","2592.02","9","2020-10-10 18:53:16","true"
"1770","97","6247.84","10","2024-01-27 10:56:38","true"
"1771","18","825.18","1","2022-03-13 16:44:42","true"
"1772","3","8648.28","20","2025-01-20 02:36:44","false"
"1773","86","1906.85","5","2024-09-15 03:52:42","true"
"1774","57","8046.22","17","2020-02-18 15:55:09","false"
"1775","43","1656.56","3","2020-02-11 07:02:24","true"
"1776","28","8707.55","14","2023-03-20 20:05:38","false"
"1777","77","289.13","1","2026-03-04 11:38:13","false"
"1778","90","3545.44","8","2022-11-28 04:24:05","true"
"1779","3","3552.66","10","2024-05-23 15:14:31","true"
"1780","56","9110.15","21","2020-05-25 16:06:26","false"
"1781","80","6329.47","15","2022-02-19 22:13:35","true"
"1782","88","1968.08","7","2020-05-04 15:09:57","false"
"1783","85","12195.19","17","2020-02-17 10:40:00","false"
"1784","81","348.66","1","2024-09-20 19:21:55","true"
"1785","38","4892.97","12","2023-09-23 14:31:53","true"
"1786","18","8691.18","14","2023-05-08 13:36:16","false"
"1787","45","4524.79","9","2020-03-26 11:45:34","true"
"1788","85","5633.42","12","2023-05-09 12:04:27","true"
"1789","0","10787.80","16","2025-07-25 20:49:55","true"
"1790","10","6325.57","9","2023-12-05 19:44:59","false"
"1791","1","4169.22","5","2021-01-04 02:45:07","true"
"1792","46","10641.92","18","2022-02-19 18:10:15","false"
"1793","36","8936.91","20","2021-01-29 04:34:19","false"
"1794","76","1330.18","3","2024-04-26 21:33:07","false"
"1795","70","4252.72","12","2021-10-08 18:06:16","true"
"1796","45","8062.06","13","2024-08-25 13:10:03","false"
"1797","35","7440.65","15","2020-01-30 13:44:24","true"
"1798","91","4036.65","5","2024-02-21 13:47:02","true"
"1799","88","7883.24","25","2023-05-10 07:35:38","false"
"1800","28","2473.22","6","2025-02-25 18:05:09","true"
