"248","3364","2026-03-27 12:32:11"
"316","2499","2025-12-27 07:20:15"
"260","42","2025-11-21 23:04:38"
"336","1143","2026-03-25 09:10:18"
"86","2312","2025-12-10 07:00:58"
"87","1880","2026-03-16 08:46:04"
"386","2531","2026-03-08 11:17:33"
"56","2327","2026-02-21 13:58:34"
"337","88","2026-03-05 04:47:08"
"176","1722","2026-02-27 02:47:29"
"298","236","2026-04-21 13:08:31"
"367","1906","2026-03-03 20:12:34"
"261","2837","2025-12-10 06:10:27"
"378","3320","2026-02-20 13:13:03"
"40","3021","2026-01-13 04:43:21"
"35","3135","2026-04-08 16:09:42"
"132","2282","2026-03-26 06:41:34"
"51","1649","2025-11-14 18:47:44"
"119","1427","2026-01-21 04:49:43"
"402","666","2026-01-04 01:35:01"
"399","2404","2026-02-28 10:58:44"
"222","60","2025-10-14 01:09:03"
"399","2008","2026-03-23 02:52:09"
"395","1995","2025-12-07 01:21:57"
"259","2913","2025-11-14 18:17:12"
"138","3382","2026-01-29 13:50:57"
"4","967","2025-12-06 10:37:06"
"257","694","2026-04-28 07:16:40"
"166","1054","2025-11-26 07:13:36"
"311","2733","2025-11-25 09:07:32"
"330","2904","2025-12-10 11:43:52"
"123","776","2026-01-19 17:34:56"
"88","2006","2025-10-15 06:15:33"
"355","2217","2025-12-02 03:06:37"
"184","2693","2026-03-07 07:36:50"
"150","646","2026-04-30 03:03:34"
"6","1075","2025-12-03 12:36:36"
"271","1728","2026-03-21 12:19:17"
"286","301","2026-03-05 13:05:04"
"161","2956","2025-12-07 01:48:50"
"160","1694","2026-03-17 07:19:39"
"154","2327","2026-02-17 05:25:23"
"195","2838","2026-03-20 09:52:45"
"261","2160","2025-11-26 16:12:01"
"283","3426","2026-01-29 14:47:45"
"292","813","2026-01-06 00:05:09"
"4","3278","2026-01-10 10:20:19"
"291","1769","2026-04-26 14:16:56"
"12","486","2026-03-27 04:41:04"
"170","736","2025-12-25 00:31:24"
"203","2691","2025-10-28 18:51:40"
"56","3225","2025-11-09 12:20:43"
"38","1569","2026-02-19 13:42:54"
"73","2289","2026-01-30 07:35:58"
"82","828","2026-04-09 12:22:39"
"74","630","2026-02-21 12:35:38"
"19","599","2026-01-15 06:55:21"
"36","1717","2026-01-14 22:23:24"
"227","301","2026-02-07 18:10:19"
"52","2346","2025-11-03 11:56:33"
"201","258","2025-10-16 01:44:40"
"221","2937","2025-11-07 11:51:51"
"113","3461","2025-11-02 04:12:44"
"134","358","2025-10-19 06:26:36"
"379","150","2025-11-12 04:22:01"
"2","403","2025-11-03 20:23:36"
"130","1026","2025-10-15 00:08:57"
"65","220","2025-11-24 07:01:17"
"49","2874","2026-03-22 01:42:26"
"272","3217","2026-01-07 10:53:25"
"370","881","2025-12-19 22:07:40"
"336","307","2026-03-22 09:18:51"
"164","1682","2026-03-04 17:38:22"
"330","1185","2025-11-07 01:07:45"
"292","3415","2025-12-27 05:11:03"
"107","127","2025-12-26 06:13:39"
"46","1673","2026-02-25 00:36:54"
"309","870","2026-02-07 05:01:44"
"319","564","2026-03-09 12:55:09"
"71","2134","2025-10-28 14:38:40"
"388","1978","2025-12-02 07:13:15"
"231","2836","2026-02-06 00:28:53"
"444","3325","2025-12-07 21:14:50"
"117","3006","2026-04-25 18:46:53"
"75","3182","2026-03-04 14:57:16"
"36","1975","2025-11-19 20:45:41"
"366","3332","2025-11-12 02:27:38"
"381","2233","2026-03-27 11:19:02"
"357","2405","2025-11-28 18:22:56"
"70","1189","2025-11-04 18:51:28"
"358","1564","2025-11-10 12:47:28"
"217","1592","2026-04-22 09:33:25"
"102","135","2026-04-29 00:49:33"
"116","3320","2025-10-15 11:03:44"
"388","283","2026-02-27 17:53:35"
"140","2221","2025-12-15 11:10:31"
"133","1350","2025-12-04 00:13:24"
"31","2141","2026-04-26 14:43:10"
"119","2771","2025-10-15 13:52:34"
"374","2786","2026-01-30 11:18:55"
"94","3210","2025-11-02 22:03:54"
"234","2670","2025-11-22 19:09:17"
"9","180","2025-11-03 05:43:21"
"355","2674","2026-02-15 10:54:16"
"440","1146","2025-12-27 13:58:43"
"96","2125","2025-11-01 02:19:58"
"165","548","2026-01-13 19:24:55"
"46","3213","2026-01-21 04:01:32"
"381","1569","2026-01-11 07:53:44"
"8","1276","2026-03-30 19:38:49"
"203","143","2025-12-22 00:21:56"
"149","293","2026-03-16 13:34:49"
"410","1505","2025-12-06 22:07:48"
"370","1170","2026-03-11 17:06:03"
"289","2580","2026-04-08 08:01:48"
"162","1227","2026-04-09 08:15:05"
"304","1132","2025-11-24 21:59:04"
"340","390","2026-01-02 07:30:14"
"349","266","2026-04-14 09:48:51"
"338","2749","2026-01-01 02:16:23"
"179","1514","2026-02-23 00:44:30"
"249","130","2025-11-24 06:03:43"
"334","405","2025-11-01 02:51:13"
"129","3415","2025-10-15 17:28:09"
"362","1492","2026-01-08 11:28:45"
"84","1569","2026-02-24 09:47:51"
"167","1919","2026-01-01 14:04:00"
"174","702","2026-04-04 12:11:19"
"372","2673","2025-10-16 06:01:12"
"245","1501","2025-11-09 01:51:28"
"358","2897","2026-01-24 00:31:47"
"189","2154","2026-02-11 06:38:15"
"446","2230","2026-04-01 13:24:35"
"268","851","2026-04-21 18:46:47"
"142","185","2026-04-01 05:46:18"
"373","2188","2026-01-04 01:46:52"
"252","637","2026-01-30 14:44:23"
"136","3198","2026-02-14 11:17:58"
"107","1556","2026-02-28 10:50:52"
"329","2749","2025-12-25 10:29:47"
"249","1618","2025-12-16 01:45:44"
"42","1521","2026-03-22 20:15:14"
"322","3366","2026-03-24 19:10:09"
"160","1926","2025-11-27 02:32:50"
"280","424","2025-10-28 14:14:49"
"392","1267","2025-12-03 08:05:02"
"74","2581","2025-11-21 00:49:55"
"417","2582","2026-02-27 11:24:16"
"427","1219","2026-04-26 13:29:33"
"437","78","2026-01-01 13:07:00"
"118","997","2026-01-05 06:01:09"
"282","1481","2026-02-28 20:05:25"
"340","415","2026-01-22 08:10:41"
"265","1378","2026-03-19 21:55:06"
"113","1322","2026-04-03 13:55:05"
"296","1840","2025-11-11 20:53:26"
"65","887","2025-11-07 00:24:10"
"229","2135","2026-01-20 14:57:10"
"260","935","2026-04-13 06:13:38"
"336","1562","2025-12-24 16:11:30"
"236","936","2025-12-30 14:55:55"
"215","1542","2026-03-02 13:50:59"
"234","2117","2025-12-16 04:04:01"
"315","1892","2026-02-15 01:53:43"
"161","1865","2026-04-08 13:24:03"
"407","2256","2026-03-24 06:14:59"
"256","3043","2026-01-05 23:26:09"
"221","2361","2025-10-15 08:22:55"
"244","133","2026-02-15 18:45:29"
"119","2020","2026-04-01 07:40:45"
"131","505","2026-01-23 20:10:18"
"375","2198","2026-03-19 17:15:20"
"109","3292","2026-02-17 10:19:57"
"13","3027","2025-10-18 10:54:44"
"208","1645","2026-04-04 02:01:37"
"209","1847","2026-03-24 14:50:06"
"278","1778","2025-11-05 01:35:02"
"301","217","2026-01-23 14:11:21"
"251","2662","2026-02-08 17:06:04"
"446","2740","2025-10-25 18:57:15"
"386","2115","2026-03-27 08:53:41"
"112","182","2025-12-03 15:18:24"
"391","1303","2026-04-01 18:14:36"
"36","1494","2026-02-13 10:38:18"
"293","3292","2026-01-05 00:44:23"
"298","3489","2026-01-31 00:39:21"
"279","1782","2026-02-19 13:03:55"
"184","3356","2025-10-18 19:00:38"
"383","1565","2025-10-29 06:43:15"
"143","903","2025-12-21 02:58:17"
"344","3453","2026-01-11 15:02:17"
"190","2485","2026-03-28 04:16:39"
"31","1639","2026-02-16 02:40:02"
"304","3494","2026-02-04 08:25:11"
"348","927","2025-11-26 10:48:38"
"129","2219","2026-03-25 21:04:52"
"172","1016","2026-02-15 23:58:02"
"81","2983","2025-12-20 11:03:51"
"52","748","2026-02-07 18:41:36"
"376","1144","2025-12-29 10:24:17"
"371","3242","2025-12-06 15:25:32"
"246","1370","2026-01-18 05:05:45"
"126","694","2026-01-11 05:45:26"
"159","2937","2026-03-28 12:17:50"
"18","2001","2026-03-15 20:10:03"
"18","2614","2026-02-05 04:09:08"
"324","2286","2026-02-23 20:42:15"
"383","2395","2026-01-19 14:31:25"
"339","897","2025-11-08 14:15:24"
"317","2114","2026-01-25 21:11:22"
"384","2207","2026-03-08 04:34:54"
"55","862","2025-12-21 23:50:03"
"306","2366","2026-01-09 03:46:17"
"150","1777","2026-01-22 22:13:55"
"1","2781","2026-02-04 17:22:49"
"15","2556","2026-01-22 23:36:56"
"236","1602","2026-05-01 07:17:25"
"97","2384","2026-04-26 23:31:20"
"438","648","2025-11-25 02:21:02"
"393","1728","2025-12-24 19:52:27"
"262","2516","2026-02-09 14:15:44"
"47","1370","2026-01-25 10:39:48"
"118","2510","2026-04-03 05:45:55"
"422","1737","2026-03-22 12:39:41"
"34","1889","2025-11-25 16:22:22"
"419","3467","2026-01-17 10:20:35"
"71","1941","2025-11-09 01:45:13"
"79","1183","2025-11-09 00:24:33"
"245","2286","2026-03-03 03:45:39"
"448","2323","2026-02-19 11:02:44"
"6","2769","2026-01-07 14:11:38"
"45","482","2025-10-21 04:58:59"
"376","2339","2025-10-24 09:35:13"
"316","2","2026-04-11 04:24:03"
"138","2100","2025-12-07 02:47:27"
"74","175","2026-03-02 02:58:34"
"133","110","2025-10-18 18:59:14"
"85","3415","2025-12-17 11:37:26"
"117","497","2026-04-26 22:52:46"
"162","2991","2026-03-15 21:43:53"
"114","291","2026-01-07 20:07:17"
"251","700","2026-03-07 05:46:31"
"315","2491","2026-02-05 06:19:42"
"5","2670","2025-10-21 10:45:32"
"367","2745","2025-11-19 06:31:45"
"208","2118","2026-04-01 05:15:04"
"295","627","2025-11-15 10:03:00"
"246","1599","2025-12-16 00:02:59"
"407","2312","2026-03-08 18:29:08"
"33","1733","2026-04-19 12:08:55"
"391","2511","2026-02-01 22:01:39"
"434","3057","2026-04-15 15:49:08"
"61","3362","2026-02-20 04:34:02"
"128","1935","2026-03-03 10:02:15"
"230","3219","2025-11-09 09:29:51"
"238","3195","2026-04-23 23:01:25"
"448","1105","2026-03-19 09:32:52"
"286","2626","2026-04-05 22:08:40"
"112","1503","2026-04-20 13:46:00"
"380","2287","2026-02-14 14:19:58"
"373","417","2025-12-07 21:49:22"
"426","3192","2026-03-25 07:10:20"
"341","1654","2025-11-18 20:59:11"
"449","409","2026-02-18 04:27:02"
"214","2723","2025-12-29 23:50:56"
"377","671","2026-01-15 08:01:46"
"173","2372","2026-04-29 11:58:57"
"60","3014","2026-02-08 19:54:13"
"415","3165","2025-12-26 02:29:22"
"348","2420","2026-03-11 08:20:24"
"166","2149","2025-12-31 16:56:33"
"309","1290","2026-04-01 04:29:24"
"160","2642","2026-02-07 08:05:54"
"328","1415","2026-01-29 09:27:59"
"74","57","2026-01-12 01:14:00"
"325","2778","2026-04-19 15:23:16"
"369","1966","2026-03-12 07:44:47"
"155","1341","2026-02-15 17:59:03"
"306","1189","2025-11-22 20:56:09"
"142","1419","2025-11-22 14:38:17"
"315","733","2026-01-04 02:07:10"
"271","3098","2026-04-09 04:57:40"
"447","216","2026-04-05 19:17:31"
"216","3497","2026-01-02 00:35:57"
"45","2089","2026-02-25 14:06:03"
"147","460","2026-01-27 22:40:28"
"150","1605","2026-03-20 02:20:37"
"276","1477","2026-01-24 10:45:20"
"439","2550","2025-12-10 19:55:51"
"200","3313","2026-01-14 04:38:55"
"280","133","2025-11-18 23:15:11"
"54","1271","2026-02-02 08:15:01"
"440","1866","2025-11-12 03:49:53"
"378","2256","2026-01-25 10:01:33"
"301","2138","2025-10-15 03:38:50"
"158","2223","2026-03-28 23:04:09"
"105","750","2025-11-28 15:50:30"
"338","2948","2025-12-09 21:03:33"
"90","1683","2026-02-14 08:31:41"
"276","2369","2025-11-01 14:44:50"
"258","680","2026-01-31 08:14:36"
"110","1014","2025-10-17 02:01:19"
"226","1728","2025-12-25 13:37:02"
"241","437","2025-10-20 15:50:07"
"401","3353","2026-02-13 15:32:03"
"79","3282","2026-04-19 01:21:55"
"254","3111","2026-03-08 07:06:06"
"9","1921","2026-03-08 16:08:18"
"419","2825","2026-03-18 12:53:43"
"306","3011","2025-10-23 12:55:32"
"207","1523","2026-04-07 21:21:42"
"421","108","2026-03-15 09:24:22"
"178","1179","2025-12-26 14:59:38"
"27","3245","2025-11-28 10:18:37"
"442","3116","2026-04-04 18:53:06"
"253","2303","2026-01-14 05:53:23"
"376","2131","2026-03-03 02:05:25"
"37","1571","2026-01-15 01:00:28"
"183","1043","2025-12-04 08:42:45"
"126","1201","2025-12-11 00:16:15"
"156","291","2025-10-31 21:27:55"
"389","2892","2025-12-29 16:12:34"
"164","900","2026-03-06 00:15:22"
"166","1836","2025-11-27 18:21:55"
"119","3275","2025-12-02 20:06:42"
"106","2606","2026-03-01 20:59:09"
"312","3391","2026-01-01 23:11:59"
"79","531","2025-12-15 06:13:08"
"76","1943","2025-12-11 01:01:08"
"202","171","2025-10-20 07:36:35"
"137","942","2026-03-09 22:51:17"
"246","1957","2026-03-06 04:14:05"
"293","138","2025-12-13 11:09:30"
"327","3284","2026-02-05 21:16:41"
"72","3495","2026-02-12 16:09:11"
"156","2956","2025-11-23 00:15:45"
"197","880","2025-12-17 05:26:49"
"50","762","2026-03-15 18:28:11"
"275","3031","2025-10-23 19:28:52"
"291","645","2026-03-07 10:39:24"
"367","1566","2025-12-19 13:40:53"
"381","1115","2026-03-03 12:18:55"
"362","2964","2026-03-15 03:22:26"
"324","1078","2026-03-04 19:18:12"
"449","3087","2025-10-24 11:35:52"
"122","1137","2026-04-20 21:32:38"
"182","753","2025-11-28 06:15:21"
"318","527","2025-12-22 19:19:40"
"128","2122","2026-03-14 01:54:53"
"91","2068","2026-02-16 15:17:28"
"235","3157","2026-04-11 00:55:38"
"32","2205","2025-10-21 10:22:00"
"118","1005","2025-12-24 21:49:50"
"40","3482","2025-11-30 03:42:42"
"353","2213","2026-01-03 06:23:06"
"138","1482","2026-01-15 23:47:38"
"165","1238","2026-02-02 17:35:26"
"274","1591","2026-04-12 23:30:26"
"343","1713","2025-12-11 03:05:05"
"141","1025","2026-04-25 10:08:48"
"146","1319","2026-02-27 17:31:17"
"35","3016","2026-03-07 08:29:17"
"186","1190","2026-04-29 17:19:18"
"367","1458","2026-04-19 16:08:45"
"29","2844","2025-11-24 20:30:51"
"12","3497","2026-02-05 11:48:23"
"8","1966","2026-03-28 13:55:08"
"296","1578","2026-02-04 09:05:59"
"93","3108","2026-01-25 09:10:43"
"8","817","2026-02-12 18:45:57"
"157","2432","2025-12-30 01:54:01"
"195","679","2026-04-25 21:16:14"
"203","547","2026-04-02 03:07:58"
"175","3351","2026-04-03 17:29:09"
"221","2244","2026-04-30 05:53:10"
"226","1057","2026-02-08 04:58:41"
"447","645","2026-04-03 17:16:54"
"434","2992","2025-12-30 20:04:23"
"404","608","2025-12-28 03:06:51"
"420","1429","2025-10-31 07:31:07"
"29","1589","2026-04-29 04:35:07"
"248","1640","2026-01-23 23:05:19"
"344","1927","2026-01-09 13:17:19"
"303","34","2026-03-20 14:16:04"
"166","2692","2025-12-24 09:07:33"
"255","2843","2026-02-18 03:40:33"
"10","485","2026-02-04 13:36:07"
"403","432","2026-03-11 04:21:30"
"108","2969","2026-04-03 20:56:48"
"378","1415","2025-11-17 19:51:57"
"210","415","2025-10-23 12:54:34"
"276","154","2026-01-01 17:14:22"
"24","104","2025-12-16 16:07:35"
"411","745","2026-02-12 20:02:32"
"100","809","2026-02-20 07:11:06"
"214","3395","2026-02-05 00:25:10"
"374","1038","2025-12-25 03:17:38"
"443","2187","2026-04-06 07:35:08"
"436","3313","2026-03-26 00:52:41"
"398","2841","2026-02-01 16:17:43"
"144","2060","2025-10-24 06:33:31"
"208","2812","2026-02-18 01:40:32"
"23","391","2025-11-23 15:10:21"
"40","2000","2026-01-13 19:20:02"
"179","3213","2026-02-18 03:26:40"
"340","1562","2025-12-19 12:07:40"
"82","1870","2026-04-20 06:43:52"
"213","2672","2025-11-30 11:26:34"
"235","2477","2025-12-05 08:21:56"
"338","2694","2025-11-02 20:26:35"
"60","323","2026-03-31 14:57:12"
"122","858","2026-01-15 12:09:18"
"295","136","2026-04-08 06:38:13"
"14","2420","2026-03-14 01:26:12"
"205","3134","2026-02-08 14:51:28"
"283","1564","2026-03-13 11:53:25"
"336","3391","2026-04-18 02:30:05"
"14","1385","2026-01-11 06:09:37"
"324","2133","2026-03-12 16:50:01"
"64","835","2026-01-13 02:08:33"
"328","416","2026-03-21 08:49:04"
"76","184","2026-04-01 11:59:25"
"4","318","2025-12-29 17:22:38"
"89","3402","2026-01-12 22:48:18"
"184","3417","2025-10-23 12:52:50"
"0","3101","2026-03-17 10:23:22"
"427","3292","2026-01-07 12:45:34"
"340","290","2026-02-27 01:29:39"
"90","1658","2026-02-19 18:28:38"
"81","996","2025-10-18 06:02:47"
"175","1119","2026-01-15 05:05:05"
"433","1435","2025-12-07 07:04:19"
"384","1569","2026-03-22 02:45:05"
"181","1233","2026-04-03 19:43:05"
"84","1384","2025-12-16 10:37:46"
"266","1822","2025-11-15 06:33:50"
"82","2664","2026-04-08 14:32:44"
"193","3463","2026-01-13 11:16:14"
"100","3424","2025-12-04 05:12:42"
"77","2235","2026-04-28 19:45:33"
"391","1061","2025-10-13 19:10:26"
"72","221","2026-01-04 15:24:58"
"230","227","2026-01-14 22:48:38"
"361","20","2025-11-14 03:47:28"
"424","1510","2026-02-04 13:21:35"
"66","475","2025-12-28 22:06:47"
"261","2357","2026-03-06 12:05:51"
"288","682","2025-12-23 14:34:59"
"297","3064","2026-02-18 16:10:31"
"239","1825","2026-04-26 16:03:12"
"265","435","2026-01-16 01:38:19"
"178","3485","2026-04-20 09:10:34"
"325","620","2026-04-30 05:49:59"
"70","2250","2025-12-21 23:54:16"
"371","494","2026-03-22 22:41:37"
"243","3106","2026-03-31 19:44:49"
"45","2767","2026-03-25 02:27:16"
"428","2932","2025-10-17 07:13:39"
"186","2241","2025-11-15 17:15:25"
"412","1668","2026-01-20 09:18:43"
"240","267","2026-02-04 02:16:13"
"305","2483","2026-01-18 14:46:55"
"165","2062","2026-02-15 04:16:16"
"379","558","2025-11-08 19:44:20"
"149","928","2025-12-26 13:28:15"
"298","3488","2026-02-27 09:37:58"
"53","2502","2025-11-12 13:28:09"
"379","1318","2025-11-01 06:05:20"
"305","524","2026-04-17 16:24:02"
"204","2463","2026-01-27 13:57:01"
"391","1676","2025-10-24 16:25:46"
"113","3182","2026-02-11 08:24:10"
"326","524","2026-04-19 22:18:25"
"328","1946","2026-02-09 03:33:21"
"315","1171","2025-11-19 12:31:22"
"324","179","2025-12-25 10:23:36"
"78","221","2025-11-11 13:29:26"
"227","2706","2025-12-16 22:29:17"
"167","247","2026-01-01 13:32:25"
"138","973","2025-11-04 03:08:52"
"306","2375","2026-01-21 05:29:15"
"326","1995","2026-01-07 00:49:48"
"254","1293","2025-11-24 17:24:36"
"424","2734","2025-11-12 23:55:36"
"280","2822","2025-11-23 18:21:50"
"389","3369","2026-02-18 14:37:54"
"437","2553","2026-04-07 00:21:29"
"368","350","2026-02-08 17:31:55"
"147","2192","2025-12-29 13:05:24"
"60","3174","2025-11-08 06:21:00"
"403","750","2025-12-29 21:30:34"
"239","1787","2026-04-16 05:56:58"
"249","2528","2025-12-10 10:07:16"
"231","1743","2026-03-28 13:37:50"
"398","2697","2026-02-28 07:36:19"
"216","1180","2026-03-22 15:02:50"
"420","970","2026-04-19 06:12:15"
"360","2478","2026-02-28 05:12:09"
"137","1063","2025-11-09 06:00:08"
"122","315","2025-10-20 17:15:51"
"159","3119","2026-01-08 02:17:13"
"266","682","2026-03-31 04:36:09"
"67","3011","2026-04-14 09:05:12"
"201","300","2026-01-28 04:33:22"
"264","1547","2025-12-10 17:31:00"
"247","2746","2025-10-31 11:39:51"
"355","3207","2025-11-09 14:07:12"
"157","103","2026-01-14 23:51:33"
"425","1880","2025-11-13 08:52:58"
"437","1511","2026-01-25 07:40:04"
"399","301","2026-02-15 16:54:06"
"96","669","2026-03-31 16:34:58"
"367","942","2025-10-24 18:37:55"
"138","3350","2026-03-29 11:13:56"
"361","2892","2026-01-03 04:08:36"
"309","3325","2026-02-22 08:25:31"
"346","984","2025-12-03 13:52:40"
"174","453","2026-01-12 03:11:58"
"259","2452","2025-11-04 02:04:11"
"293","1792","2025-10-29 03:06:12"
"116","1136","2025-11-26 15:49:26"
"25","3439","2025-12-26 06:01:34"
"210","1461","2025-10-28 12:33:09"
"378","3228","2026-01-25 21:06:50"
"249","918","2025-12-24 12:29:42"
"367","3233","2025-12-25 13:32:19"
"212","2377","2026-01-29 22:13:48"
"405","1631","2026-02-01 12:14:57"
"18","2795","2026-02-06 02:06:02"
"5","1222","2025-10-15 20:56:27"
"105","1989","2025-10-20 01:18:58"
"123","1319","2026-03-18 21:06:35"
"278","2032","2026-02-04 18:05:41"
"203","2287","2026-01-22 22:50:50"
"236","300","2025-12-26 00:48:36"
"414","2287","2026-04-16 02:10:15"
"208","3291","2025-10-29 15:30:01"
"343","1222","2026-04-09 16:44:31"
"66","2753","2025-10-23 12:44:22"
"163","1322","2026-03-22 17:06:28"
"250","425","2026-04-02 06:52:48"
"316","1322","2026-01-16 14:17:06"
"107","1703","2026-02-22 09:50:21"
"439","758","2026-02-12 04:30:07"
"249","3065","2025-12-14 05:16:59"
"19","918","2025-12-11 21:56:51"
"410","3296","2025-11-18 07:33:03"
"400","1940","2025-10-17 04:00:07"
"166","2245","2026-03-25 01:42:36"
"60","1159","2026-04-23 11:21:15"
"256","486","2025-11-11 02:45:28"
"294","927","2026-03-29 03:52:36"
"348","2083","2026-01-18 21:47:32"
"142","165","2026-04-28 09:23:27"
"168","1532","2026-01-17 22:18:33"
"136","3350","2026-01-19 18:00:25"
"178","241","2026-01-29 09:51:20"
"45","1759","2026-03-26 21:08:37"
"254","959","2026-01-31 06:21:32"
"6","1879","2026-02-10 16:32:59"
"36","1472","2025-12-17 04:20:27"
"60","2187","2026-02-24 03:24:48"
"228","3388","2026-01-13 02:13:25"
"186","1562","2026-03-30 23:35:07"
"297","662","2026-03-04 07:57:16"
"255","1257","2026-03-29 16:48:14"
"17","3486","2026-02-04 22:18:37"
"78","2337","2026-03-12 16:04:54"
"124","644","2025-12-10 01:06:34"
"238","1915","2025-12-14 14:58:23"
"412","44","2025-11-25 04:21:52"
"58","2841","2026-01-31 10:58:25"
"449","2154","2026-02-21 17:26:00"
"94","2815","2025-11-12 00:48:21"
"434","334","2026-02-03 21:17:24"
"353","713","2026-02-21 11:09:52"
"216","3034","2025-10-15 11:12:16"
"386","2902","2025-12-28 20:24:18"
"44","735","2026-04-13 13:25:06"
"346","2310","2026-03-13 22:53:23"
"405","1997","2026-03-09 23:53:35"
"163","1869","2025-12-21 18:35:03"
"407","1010","2025-11-11 17:01:51"
"290","2771","2026-03-29 04:12:38"
"33","1198","2026-04-06 01:08:50"
"274","2484","2026-04-06 05:19:57"
"294","755","2026-02-14 22:13:57"
"5","1670","2026-01-05 11:27:44"
"108","776","2025-11-25 18:50:06"
"324","1281","2025-11-18 21:51:09"
"395","463","2026-01-29 00:29:52"
"361","2828","2026-03-15 01:05:40"
"183","1449","2026-04-11 17:30:03"
"10","2483","2025-11-26 03:52:56"
"361","1190","2026-01-06 03:35:55"
"223","3108","2025-11-01 21:07:07"
"316","1624","2026-03-07 23:10:18"
"166","2488","2026-03-08 00:19:23"
"70","2285","2025-12-27 06:12:03"
"372","2438","2025-12-20 19:14:26"
"40","1182","2026-02-15 05:43:58"
"119","2626","2026-03-03 17:09:55"
"428","1055","2025-11-12 03:50:14"
"145","2525","2026-03-03 20:10:21"
"361","1387","2025-12-11 16:15:39"
"62","1764","2026-04-07 07:29:57"
"205","475","2026-04-12 19:59:51"
"358","2107","2025-12-13 01:36:26"
"241","3013","2026-01-29 23:40:14"
"97","1506","2025-11-16 10:05:34"
"406","1724","2025-10-18 03:25:41"
"315","694","2026-04-07 22:47:46"
"46","3237","2026-02-28 00:36:06"
"280","2451","2025-11-09 12:41:31"
"434","2063","2026-02-01 12:27:55"
"418","2929","2026-02-04 12:55:41"
"359","3082","2025-10-30 16:48:46"
"89","2349","2025-12-29 13:54:02"
"261","2991","2026-01-22 09:57:22"
"403","1891","2025-10-22 03:24:22"
"75","835","2025-10-14 00:35:32"
"153","142","2026-01-25 13:35:47"
"367","587","2025-11-30 03:59:19"
"438","898","2026-04-04 07:45:50"
"297","698","2026-02-14 18:53:33"
"264","2099","2025-12-23 09:42:15"
"71","3050","2025-10-30 18:09:33"
"403","2212","2025-10-15 01:16:22"
"227","740","2025-11-08 19:28:20"
"188","145","2026-02-06 20:32:06"
"137","1319","2026-01-11 05:06:23"
"255","37","2025-12-13 22:45:05"
"403","3300","2025-12-24 03:35:29"
"164","662","2026-02-06 18:56:16"
"391","2475","2025-12-25 05:05:53"
"80","3310","2025-11-28 07:21:59"
"261","1615","2026-04-03 18:23:25"
"273","1096","2026-04-26 20:32:23"
"249","2736","2026-02-19 15:16:13"
"382","2757","2025-11-16 15:44:44"
"146","2256","2025-11-01 20:25:24"
"239","872","2026-02-08 21:38:27"
"260","2687","2026-03-22 12:12:10"
"271","730","2026-01-21 13:25:52"
"19","3350","2026-01-01 15:47:19"
"19","1421","2026-04-15 14:12:06"
"348","764","2025-12-30 23:23:53"
"6","2869","2025-10-15 00:04:54"
"378","776","2026-01-23 23:56:10"
"282","1823","2026-04-12 05:38:16"
"155","446","2025-11-26 02:10:30"
"217","1727","2026-04-09 10:31:03"
"357","10","2026-01-19 08:13:01"
"293","2086","2025-10-27 18:44:19"
"122","1461","2025-11-05 11:39:42"
"276","896","2025-11-19 20:40:46"
"246","1531","2025-12-29 15:40:43"
"328","2065","2026-03-01 03:33:31"
"119","1271","2025-11-15 06:12:51"
"342","2978","2026-01-24 17:42:29"
"377","1823","2025-11-06 12:44:44"
"156","2239","2026-04-26 04:59:16"
"438","3396","2025-10-21 06:42:17"
"343","2302","2025-11-20 06:51:35"
"278","762","2025-12-05 16:49:08"
"40","1968","2025-12-10 18:39:27"
"111","1930","2026-03-22 05:55:15"
"141","425","2026-02-08 11:35:55"
"419","1584","2025-12-12 12:52:26"
"241","1202","2025-12-21 09:08:48"
"421","2280","2026-04-07 07:11:29"
"179","2534","2026-01-01 05:30:05"
"179","2452","2026-02-15 11:27:42"
"215","1052","2026-03-28 08:34:33"
"297","2085","2025-10-14 17:18:28"
"276","1978","2025-11-23 08:59:43"
"242","312","2026-02-07 15:58:49"
"112","535","2026-04-04 08:40:39"
"440","1956","2026-02-10 02:34:31"
"29","1299","2026-01-12 11:15:50"
"78","2086","2025-12-08 15:53:17"
"112","2020","2025-11-11 06:03:36"
"412","3347","2026-04-07 14:35:06"
"254","1154","2026-01-24 02:11:35"
"328","814","2026-02-02 12:54:22"
"383","2853","2026-01-12 18:53:44"
"378","327","2026-04-01 07:11:54"
"342","2821","2025-11-30 10:03:11"
"302","902","2025-12-23 06:56:13"
"127","803","2026-01-26 05:27:41"
"380","128","2026-01-25 10:36:34"
"33","2081","2026-04-16 17:14:30"
"31","706","2026-02-04 17:25:15"
"437","3297","2026-03-11 22:49:52"
"209","2786","2025-10-17 00:49:00"
"70","1746","2026-02-14 11:24:52"
"322","307","2026-04-11 20:06:12"
"113","3020","2026-02-17 17:06:16"
"358","2198","2026-03-06 14:19:28"
"263","2248","2025-12-12 02:39:30"
"306","2690","2026-01-04 00:00:14"
"361","3276","2026-02-07 12:14:23"
"184","331","2026-02-10 09:16:56"
"19","1566","2025-10-24 12:22:03"
"198","2765","2026-01-25 14:30:23"
"203","2719","2026-02-22 05:56:26"
"87","2479","2025-12-09 15:10:38"
"419","841","2026-04-26 03:34:52"
"287","2368","2025-12-29 15:49:07"
"45","3011","2026-01-04 16:41:01"
"332","671","2025-12-12 18:00:40"
"235","3110","2025-11-30 06:15:33"
"45","2294","2025-11-30 22:28:15"
"45","1880","2026-02-13 19:07:05"
"196","2004","2025-11-05 15:53:06"
"98","862","2026-01-10 20:45:44"
"165","1338","2026-02-20 21:39:30"
"312","2241","2026-01-03 12:59:16"
"198","3257","2025-12-13 10:42:57"
"112","3021","2026-04-03 11:46:47"
"244","2328","2026-02-06 17:30:19"
"236","843","2025-11-18 04:04:27"
"76","224","2026-02-11 00:18:18"
"36","805","2026-03-03 09:46:05"
"168","3229","2025-12-30 13:20:17"
"325","1817","2026-03-25 12:20:41"
"181","1878","2026-04-07 21:23:08"
"406","515","2026-04-02 20:50:11"
"182","2256","2026-01-15 13:31:32"
"58","1119","2026-02-04 11:08:40"
"252","2724","2026-03-24 09:51:51"
"164","431","2025-11-17 18:00:01"
"345","2591","2025-10-17 16:47:35"
"247","880","2025-11-20 02:33:17"
"30","2849","2026-02-22 19:10:14"
"198","3018","2026-04-14 08:09:05"
"358","2660","2026-04-15 07:55:03"
"82","3043","2026-04-08 06:24:46"
"253","2879","2026-01-17 22:57:11"
"167","2075","2026-03-28 00:08:34"
"299","1269","2025-12-19 17:09:50"
"410","847","2025-12-19 17:38:31"
"134","3157","2026-03-20 20:01:55"
"215","3485","2026-01-31 13:25:12"
"1","3427","2026-03-23 18:53:57"
"228","2403","2025-12-30 09:26:22"
"380","1547","2026-04-30 06:58:45"
"297","1644","2026-01-18 18:13:38"
"96","3377","2026-02-06 04:10:19"
"428","591","2026-01-07 07:09:42"
"260","2811","2025-12-16 07:25:52"
"277","2867","2026-03-02 04:41:35"
"50","645","2026-04-18 15:53:55"
"420","1574","2025-12-14 06:54:25"
"190","770","2026-02-08 19:53:53"
"371","897","2025-10-15 10:35:16"
"185","3288","2026-01-19 16:49:44"
"196","1490","2026-01-18 11:23:00"
"10","2730","2025-12-11 20:15:07"
"227","2029","2026-04-11 14:47:21"
"255","3488","2026-03-08 08:18:09"
"385","2788","2025-11-02 05:05:46"
"23","1887","2025-10-23 23:40:35"
"231","1646","2026-02-05 20:38:17"
"260","1513","2026-01-24 05:00:35"
"179","2382","2026-03-04 19:25:48"
"319","1253","2025-11-11 18:15:05"
"69","27","2026-02-15 03:07:19"
"237","3353","2026-03-02 17:26:57"
"87","883","2026-01-27 13:43:22"
"372","62","2026-03-23 19:09:30"
"108","469","2025-12-14 21:15:53"
"256","30","2026-02-08 05:06:11"
"71","2143","2025-10-14 11:20:56"
"6","1681","2026-01-01 23:30:25"
"283","1628","2026-03-22 16:28:04"
"339","449","2026-01-20 03:45:48"
"364","1498","2026-02-25 01:01:53"
"327","3072","2026-02-18 23:40:13"
"278","148","2025-10-30 18:00:33"
"401","3457","2026-03-14 14:06:14"
"29","830","2025-11-18 18:53:51"
"92","888","2026-02-06 12:20:51"
"338","3400","2026-04-30 13:20:40"
"427","550","2025-12-28 04:14:00"
"221","701","2026-04-27 16:11:22"
"437","1619","2026-01-17 18:06:01"
"324","387","2026-01-09 04:05:09"
"102","3396","2026-03-23 15:16:41"
"26","247","2026-03-12 21:45:24"
"64","2065","2025-12-25 17:12:50"
"2","479","2026-03-07 16:47:23"
"319","26","2025-10-24 08:18:22"
"36","3070","2026-02-13 15:03:56"
"205","2530","2026-02-23 11:12:32"
"411","2856","2026-04-11 05:06:21"
"280","3273","2025-12-20 13:52:10"
"213","2735","2026-04-13 01:44:00"
"309","2194","2026-03-31 00:51:21"
"60","3382","2025-10-22 05:13:34"
